t,x,y,z,roll,pitch,yaw,vx,vy,vz,vroll,vpitch,vyaw,ax,ay,az,aroll,apitch,ayaw
0.000000000000000000e+00,3.604007640387862921e-01,1.809666287806432905e-04,4.941400419920682907e-01,-3.141588227823376656e+00,-3.101932305540344714e-04,7.946015358902513981e-01,6.029882933944463730e-02,1.809941077419718880e-02,-1.353161409497261047e-01,-1.676380634307861328e-06,-3.190673031454593911e-02,9.203887078911066055e-01,6.029882933944463730e+00,1.809941077419718880e+00,-1.353161409497261047e+01,-1.676380634307861328e-04,-3.190673031454593911e+00,9.203887078911066055e+01
1.000000000000000021e-02,3.615290116658798070e-01,5.196235725634735028e-04,4.916081501360167749e-01,-3.141588259190029930e+00,-9.071980672988588790e-04,8.118228714793076506e-01,1.128247627093514893e-01,3.386569437828301776e-02,-2.531891856051515788e-01,-3.136665327474474907e-06,-5.970048367448244075e-02,1.722133558905625250e+00,5.252593336990685202e+00,1.576628360408583340e+00,-1.178730446554254740e+01,-1.460284693166613579e-04,-2.779375335993650165e+00,8.017448510145186447e+01
2.000000000000000042e-02,3.631124539926666728e-01,9.949126191954029905e-04,4.880547593417929875e-01,-3.141588303211648281e+00,-1.745066195799593097e-03,8.359922036725961902e-01,1.583442326786865806e-01,4.752890466319295570e-02,-3.553390794223787452e-01,-4.402161835059814621e-06,-8.378681285007343049e-02,2.416933219328853966e+00,4.551946996933509126e+00,1.366321028490993461e+00,-1.021498938172271664e+01,-1.265496507585339714e-04,-2.408632917559098807e+00,6.947996604232287154e+01
2.999999999999999889e-02,3.650880063600961956e-01,1.587898157981888552e-03,4.836214374094583990e-01,-3.141588358134401737e+00,-2.790416782209792588e-03,8.661466214407079756e-01,1.975552367429536660e-01,5.929855387864855359e-02,-4.433321932334588489e-01,-5.492275334528784470e-06,-1.045350586410199456e-01,3.015441776811175867e+00,3.921100406426708318e+00,1.176964921545559539e+00,-8.799311381108010366e+00,-1.090113499468969849e-04,-2.074824579094652233e+00,5.985085574823217769e+01
4.000000000000000083e-02,3.673989380116527981e-01,2.281551777642725973e-03,4.784354933950750177e-01,-3.141588422381106138e+00,-4.013231118562609299e-03,9.014201983923834094e-01,2.310931651556601962e-01,6.936536196608372729e-02,-5.185944014383356837e-01,-6.424670445995261936e-06,-1.222814336352816694e-01,3.527357695167538942e+00,3.353792841270654357e+00,1.006680808743517730e+00,-7.526220820487688812e+00,-9.323951114664774664e-05,-1.774637499426172438e+00,5.119159183563628801e+01
5.000000000000000278e-02,3.699942994600566859e-01,3.060580383616820846e-03,4.726112626527051996e-01,-3.141588494535304310e+00,-5.386549617613837701e-03,9.410352522197095171e-01,2.595361448403891158e-01,7.790286059740948732e-02,-5.824230742369844727e-01,-7.215419799621800023e-06,-1.373318499051228714e-01,3.961505382732608105e+00,2.844297968472892624e+00,8.537498631325763920e-01,-6.382867279864878896e+00,-7.907493536265380873e-05,-1.505041626984118697e+00,4.341476875650693046e+01
5.999999999999999778e-02,3.728283988500441515e-01,3.911269022122929560e-03,4.662512819246845686e-01,-3.141588573326706602e+00,-6.886194733639257846e-03,9.842943520092169996e-01,2.834099389987441708e-01,8.506886385061089573e-02,-6.359980728020639962e-01,-7.879140250384138525e-06,-1.499645116025420111e-01,4.325909978950744694e+00,2.387379415835503949e+00,7.166003253201413958e-01,-5.357499856507947023e+00,-6.637204507623385014e-05,-1.263266169741914968e+00,3.644045962181364473e+01
7.000000000000000666e-02,3.758603232381750869e-01,4.821337186600386376e-03,4.594473636339382883e-01,-3.141588657617884195e+00,-8.490517650782621745e-03,1.030573011157080332e+00,3.031924388130909920e-01,9.100681644774567813e-02,-6.803918290746254760e-01,-8.429117753281067374e-06,-1.604322917143363447e-01,4.627865914786337243e+00,1.978249981434680782e+00,5.937952597134787958e-01,-4.439375627256146650e+00,-5.499775028969288489e-05,-1.046778011179432699e+00,3.019559358355928680e+01
8.000000000000000167e-02,3.790535010450403752e-01,5.779807482535282218e-03,4.522815777816303617e-01,-3.141588746392102394e+00,-1.018016675750909456e-02,1.079313008731208834e+00,3.193177806865308277e-01,9.584702959348961882e-02,-7.165785852307939852e-01,-8.877421827068480493e-06,-1.689649106726472394e-01,4.873999757412846634e+00,1.612534187343980907e+00,4.840213145743935685e-01,-3.618675615616852248e+00,-4.483040737874131193e-05,-8.532618958310909107e-01,2.461338426265098178e+01
8.999999999999999667e-02,3.823753022424902226e-01,6.776885618901941702e-03,4.448271491639415043e-01,-3.141588838742206846e+00,-1.193787608829763661e-02,1.130016286812795423e+00,3.321801197449839038e-01,9.970781363666599006e-02,-7.454428617688836356e-01,-9.235010462648580469e-06,-1.757709330788542468e-01,5.070327808158649141e+00,1.286233905845307612e+00,3.860784043176374580e-01,-2.886427653808967708e+00,-3.575886355800995698e-05,-6.806022406207014042e-01,1.963280507458022939e+01
1.000000000000000056e-01,3.857966731207739808e-01,7.803850779176212463e-03,4.371492769883322249e-01,-3.141588933860469446e+00,-1.374827206306709730e-02,1.182239375658401537e+00,3.421370878283764849e-01,1.026965160274270900e-01,-7.677872175609273819e-01,-9.511826259229400871e-06,-1.810395974769461180e-01,5.222308884560606046e+00,9.956968083392594426e-01,2.988702390761101557e-01,-2.234435579204375966e+00,-2.768157965808210451e-05,-5.268664398091871259e-01,1.519810764019571181e+01
1.100000000000000006e-01,3.892918027397941350e-01,8.852955502712322317e-03,4.293058833877285152e-01,-3.141589031029314416e+00,-1.559769699204341907e-02,1.235588302481721579e+00,3.495129619020154177e-01,1.049104723536109229e-01,-7.843393600603683069e-01,-9.716884509909624141e-06,-1.849424928976321769e-01,5.334892682332003311e+00,7.375874073638932771e-01,2.213956326183826040e-01,-1.655214249944091165e+00,-2.050582506802226269e-05,-3.902895420686062211e-01,1.125837977713976024e+01
1.199999999999999956e-01,3.928378184068843093e-01,9.917334278776227668e-03,4.213482967965070936e-01,-3.141589129612853526e+00,-1.747404793982193158e-02,1.289713943290137665e+00,3.546015667090197110e-01,1.064378776063904797e-01,-7.957586591221432748e-01,-9.858353899188318379e-06,-1.876350947778511191e-01,5.412564080841616665e+00,5.088604807004314390e-01,1.527405252779551470e-01,-1.141929906177496790e+00,-1.414693892786942373e-05,-2.692601880218931654e-01,7.767139850961346070e+00
1.300000000000000044e-01,3.964145077423362196e-01,1.099092012120795464e-02,4.133218756611171107e-01,-3.141589229049157606e+00,-1.936662965816259713e-02,1.344307780551105003e+00,3.576689335451914142e-01,1.073585842431726278e-01,-8.026421135390005013e-01,-9.943630419842389818e-06,-1.892581718340667074e-01,5.459383726096740830e+00,3.067366836171682154e-01,9.207066367821481467e-02,-6.883454416857239799e-01,-8.527652065407101582e-06,-1.623077056215581349e-01,4.681964525512427144e+00
1.400000000000000133e-01,4.000040650948880061e-01,1.206836845201452596e-02,4.052665775071397358e-01,-3.141589328843208406e+00,-2.126602040340788355e-02,1.399098032531254088e+00,3.589557352551807079e-01,1.077448330806571042e-01,-8.055298153977388242e-01,-9.979405069133607777e-06,-1.899390745245285173e-01,5.479025198014909392e+00,1.286801709989314479e-01,3.862488374844832983e-02,-2.887701858738364602e-01,-3.577464929121711216e-06,-6.809026904618098452e-02,1.964147191816845162e+00
1.499999999999999944e-01,4.035908602539938217e-01,1.314498767760687373e-02,3.972174779703123715e-01,-3.141589428560466857e+00,-2.316394955209609419e-02,1.453846122968889709e+00,3.586795159105808373e-01,1.076619225592347073e-01,-8.049099536827375445e-01,-9.971725836169383593e-06,-1.897929148688211609e-01,5.474809043763561256e+00,-2.762193445998914476e-02,-8.291052142239165035e-03,6.198617150013352450e-02,7.679232964223760516e-07,1.461596557073563396e-02,-4.216154251348358528e-01
1.600000000000000033e-01,4.071612275752441445e-01,1.421667589228680501e-02,3.892052440185569950e-01,-3.141589527821011529e+00,-2.505318601805980178e-02,1.508343462328554097e+00,3.570367321250302317e-01,1.071688214679931000e-01,-8.012233951755382000e-01,-9.926054453243468166e-06,-1.889236465963708977e-01,5.449733935966429854e+00,-1.642783785550612496e-01,-4.931010912416020769e-02,3.686558507199358403e-01,4.567138292591542675e-06,8.692682724502666380e-02,-2.507510779713129079e+00
1.700000000000000122e-01,4.107032737910222275e-01,1.527986319032977915e-02,3.812565652426136431e-01,-3.141589626294194915e+00,-2.692743655669440142e-02,1.562408514263119885e+00,3.542046215778100193e-01,1.063187298042973516e-01,-7.948678775943343044e-01,-9.847318342920567666e-06,-1.874250538634598395e-01,5.406505193456570879e+00,-2.832110547220198504e-01,-8.500916636957500661e-02,6.355517581203882216e-01,7.873611032290050006e-06,1.498592732911058212e-01,-4.322874250985875300e+00
1.799999999999999933e-01,4.142067029214817619e-01,1.633145911093243294e-02,3.733945467719743672e-01,-3.141589723693776648e+00,-2.878125311774948694e-02,1.615884123091605007e+00,3.503429130459540519e-01,1.051595920602655387e-01,-7.862018470639280388e-01,-9.739958159128149598e-06,-1.853816561055085244e-01,5.347560882848505059e+00,-3.861708531855981286e-01,-1.159137744031818185e-01,8.666030530406265697e-01,1.073601837924187117e-05,2.043397757951315175e-01,-5.894431060806615719e+00
1.900000000000000022e-01,4.176626568322466815e-01,1.736880477970995443e-02,3.656390670781271002e-01,-3.141589819773489722e+00,-3.060994847748087569e-02,1.668635080105283164e+00,3.455953910764942849e-01,1.037345668777522878e-01,-7.755479693847291411e-01,-9.607971286695223871e-06,-1.828695359731389858e-01,5.275095701367820133e+00,-4.747521969459745916e-01,-1.425025182513254274e-01,1.065387767919895312e+00,1.319868724329253039e-05,2.512120132369541903e-01,-7.246518148068492593e+00
2.000000000000000111e-01,4.210635701058149105e-01,1.838962934662182261e-02,3.580071036565268816e-01,-3.141589914323005939e+00,-3.240951944480507940e-02,1.720545908355170628e+00,3.400913273568244577e-01,1.020824566911869707e-01,-7.631963421600209685e-01,-9.454951635396702903e-06,-1.799570967324205517e-01,5.191082824988752620e+00,-5.504063719669820554e-01,-1.652110186565317052e-01,1.235162722470818597e+00,1.530196512985203237e-05,2.912439240718423528e-01,-8.401287637906730055e+00
2.099999999999999922e-01,4.244030380043611883e-01,1.939201035343674634e-02,3.505130293302585187e-01,-3.141590007164266396e+00,-3.417657699468188565e-02,1.771518847263890084e+00,3.339467898546257807e-01,1.002381006814923731e-01,-7.494074326268387320e-01,-9.284126035738487657e-06,-1.767057549876809019e-01,5.097293890871956279e+00,-6.144537502198677004e-01,-1.844356009694601006e-01,1.378890953318224977e+00,1.708255996582156528e-05,3.251341744739639217e-01,-9.378893411679623426e+00
2.200000000000000011e-01,4.276756964032845110e-01,2.037433769435897241e-02,3.431688816902424555e-01,-3.141590098148141497e+00,-3.590828273573801882e-02,1.821472019956475563e+00,3.272658398923322665e-01,9.823273409222252339e-02,-7.344147640016056577e-01,-9.098387518671425053e-06,-1.731705741056130954e-01,4.995317269258540804e+00,-6.680949962293486477e-01,-2.005366589269856614e-01,1.499266862523304766e+00,1.857385170670626041e-05,3.535180882067809893e-01,-1.019766216134151371e+01
2.300000000000000100e-01,4.308771126681669728e-01,2.133528086144960770e-02,3.359846079774160277e-01,-3.141590187151398705e+00,-3.760229116852505798e-02,1.870337767629113079e+00,3.201416264882460672e-01,9.609431670906365408e-02,-7.184273712826454439e-01,-8.900325740026555254e-06,-1.694008432787036944e-01,4.886574767263761387e+00,-7.124213404086220391e-01,-2.138417383158869312e-01,1.598739271896018721e+00,1.980617786448702060e-05,3.769730826909387100e-01,-1.087425019947794169e+01
2.399999999999999911e-01,4.340036865334789828e-01,2.227375919219115596e-02,3.289682875200711787e-01,-3.141590274073946532e+00,-3.925669723613606221e-02,1.918061136582450033e+00,3.126573865312008982e-01,9.384783307415486830e-02,-7.016320457344824568e-01,-8.692254786365132902e-06,-1.654406067611005338e-01,4.772336895333705087e+00,-7.484239957045155656e-01,-2.246483634908789107e-01,1.679532554816298706e+00,2.080709536614219453e-05,3.960236517603150097e-01,-1.142378719300560164e+01
2.500000000000000000e-01,4.370525601200054844e-01,2.318891486014779471e-02,3.221263336630592611e-01,-3.141590358836332531e+00,-4.086998871051643334e-02,1.964598504746425167e+00,3.048873586526488766e-01,9.151556679566376362e-02,-6.841953857011895401e-01,-8.476238581666794002e-06,-1.613291474380372237e-01,4.653736816397509024e+00,-7.770027878552014933e-01,-2.332266278491108014e-01,1.743666003329294334e+00,2.160162046983388998e-05,4.111459323063303417e-01,-1.186000789361962759e+01
2.600000000000000089e-01,4.400215363001472868e-01,2.408008837133968072e-02,3.154636769635926208e-01,-3.141590441377473564e+00,-4.244100299599820603e-02,2.009916335625317796e+00,2.968976180141789656e-01,8.911735111918847596e-02,-6.662656699466629195e-01,-8.254114095524898989e-06,-1.571014285481769912e-01,4.531783087889284189e+00,-7.989740638469924328e-01,-2.398215676475282387e-01,1.792971575452660726e+00,2.221244861418946061e-05,4.227718889860221929e-01,-1.219537285082245504e+01
2.700000000000000178e-01,4.429090046864987973e-01,2.494679634883431238e-02,3.089839312797104109e-01,-3.141590521652598778e+00,-4.396888796664103621e-02,2.053990048602893026e+00,2.887468386351498828e-01,8.667079774946327697e-02,-6.479745683882229823e-01,-8.027512536934634321e-06,-1.527884970642829909e-01,4.407371297757520345e+00,-8.150779379029076122e-01,-2.446553369725202320e-01,1.829110155843993724e+00,2.266015585902640241e-05,4.312931483894009155e-01,-1.244117901317638442e+01
2.800000000000000266e-01,4.457138745798995827e-01,2.578871140630676143e-02,3.026895442410422188e-01,-3.141590599631385761e+00,-4.545306648613321732e-02,2.096802995475496534e+00,2.804869893400808722e-01,8.419150574724487690e-02,-6.294387038668215473e-01,-7.797878702381512479e-06,-1.484178519492183879e-01,4.281294687260361442e+00,-8.259849295069000563e-01,-2.479292002218393132e-01,1.853586452140143503e+00,2.296338345531224857e-05,4.370645115064615283e-01,-1.260766104971586898e+01
2.899999999999999800e-01,4.484355142689474549e-01,2.660564392806654896e-02,2.965819334663060691e-01,-3.141590675296272117e+00,-4.689320428852682132e-02,2.138345533932529019e+00,2.721639689047858357e-01,8.169325217597861455e-02,-6.107610774736155212e-01,-7.566488633482247254e-06,-1.440137802393602062e-01,4.154253845703236969e+00,-8.323020435295057640e-01,-2.498253571266269291e-01,1.867762639320601270e+00,2.313900688992650219e-05,4.404071709858172756e-01,-1.270408415571245797e+01
2.999999999999999889e-01,4.510736961241511578e-01,2.739752558841463195e-02,2.906616097770992613e-01,-3.141590748640929576e+00,-4.828918092516856775e-02,2.178614189485088559e+00,2.638181855203683424e-01,7.918816603480821614e-02,-5.920323689206790085e-01,-7.334465726962396517e-06,-1.395976636641743096e-01,4.026865555255974449e+00,-8.345783384417500006e-01,-2.505086141170402847e-01,1.872870855293656822e+00,2.320229065198504325e-05,4.416116575185901616e-01,-1.273882904472623601e+01
3.099999999999999978e-01,4.536285469768692735e-01,2.816439445729173804e-02,2.849282885521416397e-01,-3.141590819668883761e+00,-4.964106350804055323e-02,2.217610898060482505e+00,2.554850852718140719e-01,7.668688688771063688e-02,-5.733321224957630413e-01,-7.102795426937776566e-06,-1.351882582871984650e-01,3.899670857539401236e+00,-8.333100248554263789e-01,-2.501279147097573152e-01,1.870024642491591838e+00,2.316703000246201545e-05,4.409405376975846225e-01,-1.271946977165731063e+01
3.200000000000000067e-01,4.561005033162691125e-01,2.890638155211269072e-02,2.793809902694370240e-01,-3.141590888392269854e+00,-5.094908300252465327e-02,2.255342322137984024e+00,2.471956339399860869e-01,7.419870948209514316e-02,-5.547298282704625771e-01,-6.872338619812757601e-06,-1.308019494484102263e-01,3.773142407750136762e+00,-8.289451331827991654e-01,-2.488177405615494553e-01,1.860229422530049082e+00,2.304568071250188627e-05,4.386308838788235409e-01,-1.265284497892647053e+01
3.300000000000000155e-01,4.584902708770646762e-01,2.962369870754536297e-02,2.740181311951205845e-01,-3.141590954830708160e+00,-5.221361284351903193e-02,2.291819233904526687e+00,2.389767560795585388e-01,7.173171554326715493e-02,-5.362859074316431718e-01,-6.643843840885794472e-06,-1.264529840994376708e-01,3.647691176654256129e+00,-8.218877860427554749e-01,-2.466993938827992672e-01,1.844392083881942535e+00,2.284947789269632312e-05,4.348965348972557154e-01,-1.254512310958806864e+01
3.400000000000000244e-01,4.607987882270471736e-01,3.031662764587488013e-02,2.688376050964028652e-01,-3.141591019010292030e+00,-5.343514966801851673e-02,2.327055959462392298e+00,2.308517349982486533e-01,6.929289383295177129e-02,-5.180526098717712635e-01,-6.417958394361245003e-06,-1.221536824499482587e-01,3.523672555786554916e+00,-8.125021081309878879e-01,-2.438821710315381974e-01,1.823329755987185941e+00,2.258854465245493674e-05,4.299301649489417065e-01,-1.240186208677013191e+01
3.500000000000000333e-01,4.630271939966698058e-01,3.098551014057378955e-02,2.638368567814071697e-01,-3.141591080962677029e+00,-5.461429597486426590e-02,2.361069878628454966e+00,2.228405769622655852e-01,6.688824946989084530e-02,-5.000748314995717703e-01,-6.195238478703195342e-06,-1.179146306845749032e-01,3.401391916606275156e+00,-8.011158035983058090e-01,-2.404644363060926826e-01,1.797777837219947994e+00,2.227199156580497624e-05,4.239051765373352265e-01,-1.222806391802799197e+01
3.599999999999999867e-01,4.651767974234400360e-01,3.163073917485099973e-02,2.590129482002736516e-01,-3.141591140724261155e+00,-5.575174453850188089e-02,2.393880975329947702e+00,2.149603426770215764e-01,6.452290342772076803e-02,-4.823908581133520279e-01,-5.976158402111838987e-06,-1.137448563637615956e-01,3.281109670149287005e+00,-7.880234285244012149e-01,-2.365346042170071994e-01,1.768397338621973569e+00,2.190800765913566596e-05,4.169774320813302571e-01,-1.202822464569882044e+01
3.699999999999999956e-01,4.672490519118285279e-01,3.225275100534407552e-02,2.543626177791645793e-01,-3.141591198335450752e+00,-5.684826441838067290e-02,2.425511434028451596e+00,2.072254488388509397e-01,6.220118304930741943e-02,-4.650330421109044599e-01,-5.761118966295263161e-06,-1.096519879878790071e-01,3.163045869850401814e+00,-7.734893838170633362e-01,-2.321720378413347774e-01,1.735781600244754808e+00,2.150394358165757250e-05,4.092868375882583454e-01,-1.180638002988852975e+01
3.800000000000000044e-01,4.692455313350377688e-01,3.285201804881317245e-02,2.498823336012843954e-01,-3.141591253840001485e+00,-5.790468841918971349e-02,2.455985277995049287e+00,1.996479423209248927e-01,5.992670434690938047e-02,-4.480284177880171081e-01,-5.550455089019554264e-06,-1.056424000809041003e-01,3.047384396659774008e+00,-7.577506517926057006e-01,-2.274478702398037289e-01,1.700462432288733172e+00,2.106638772757086936e-05,4.009587906974911853e-01,-1.156614731906276994e+01
3.900000000000000133e-01,4.711679088284682626e-01,3.342904251674773397e-02,2.455683409962993446e-01,-3.141591307284428591e+00,-5.892190186955956199e-02,2.485328045618234505e+00,1.922377493430484918e-01,5.770244679345598593e-02,-4.313992604985062429e-01,-5.344442731273101341e-06,-1.017213450369850170e-01,2.934276762318522636e+00,-7.410192977876410847e-01,-2.224257553453398151e-01,1.662915728951085859e+00,2.060123577464528216e-05,3.921055043919079997e-01,-1.131076343412514262e+01
4.000000000000000222e-01,4.730179378462586182e-01,3.398435072926171002e-02,2.414167050512107116e-01,-3.141591358717480631e+00,-5.990083259825461359e-02,2.513566501254905550e+00,1.850029017790353336e-01,5.553082125139732761e-02,-4.151635945088619772e-01,-5.143305188906640486e-06,-9.789307286950510445e-02,2.823845563667120917e+00,-7.234847564013151544e-01,-2.171625542058661651e-01,1.623566598964428564e+00,2.011375423664611592e-05,3.828272167479917498e-01,-1.104311986514017718e+01
4.100000000000000311e-01,4.747974352720131241e-01,3.451848804557753475e-02,2.374233485114419784e-01,-3.141591408189668755e+00,-6.084244199732524727e-02,2.540728377436046070e+00,1.779497425754494599e-01,5.341373163158272264e-02,-3.993356539768729840e-01,-4.947218803383024445e-06,-9.416093990706367323e-02,2.716187618114069835e+00,-7.053159203585863679e-01,-2.117089619814601642e-01,1.582794053198899986e+00,1.960863855236162447e-05,3.732132962441432888e-01,-1.076579455530511709e+01
4.199999999999999845e-01,4.765082663929168794e-01,3.503201435382812673e-02,2.335840855003116223e-01,-3.141591455752850148e+00,-6.174771707125940173e-02,2.566842145514764972e+00,1.710831120903764657e-01,5.135263082505907989e-02,-3.839263011130354397e-01,-4.756318142563961789e-06,-9.052750739341544617e-02,2.611376807871891970e+00,-6.866630485072982015e-01,-2.061100806523645246e-01,1.540935286383753766e+00,1.909006608190627578e-05,3.633432513648220397e-01,-1.048108102421778121e+01
4.299999999999999933e-01,4.781523315630102355e-01,3.552550006788002951e-02,2.298946514478770742e-01,-3.141591501459857216e+00,-6.261766337994158216e-02,2.591936812097307197e+00,1.644065170093345907e-01,4.934857140519050001e-02,-3.689434052434548139e-01,-4.570700696615473737e-06,-8.699463086821772329e-02,2.509466658254236648e+00,-6.676595081041887259e-01,-2.004059419868577385e-01,1.498289586958063913e+00,1.856174459484879506e-05,3.532876525197721218e-01,-1.019101496176551613e+01
4.400000000000000022e-01,4.797315543965737783e-01,3.599952258343756817e-02,2.263507295860686663e-01,-3.141591545364168514e+00,-6.345329879125999328e-02,2.616041738829356866e+00,1.579222833563552197e-01,4.740225155575397004e-02,-3.543921861808395080e-01,-4.390431131774580171e-06,-8.356354113184073784e-02,2.410492673204982950e+00,-6.484233652979370932e-01,-1.946319849436529137e-01,1.455121906261530595e+00,1.802695648408934637e-05,3.431089736376982113e-01,-9.897398504925378759e+00
4.500000000000000111e-01,4.812478713464801716e-01,3.645466314986114259e-02,2.229479743358308563e-01,-3.141591587519620088e+00,-6.425564796655963695e-02,2.639186483322178756e+00,1.516316949906375000e-01,4.551405664235734505e-02,-3.402755250237822215e-01,-4.215545140938158841e-06,-8.023491752996463056e-02,2.314474449282179158e+00,-6.290588365717707520e-01,-1.888194913396626651e-01,1.411666115705730418e+00,1.748859908364215336e-05,3.328623601876113391e-01,-9.601822392280395135e+00
4.600000000000000200e-01,4.827032225351009509e-01,3.689150411795490137e-02,2.196820318834135366e-01,-3.141591627980149237e+00,-6.502573750887685744e-02,2.661400659197501017e+00,1.455351188620773173e-01,4.368409680937608564e-02,-3.265942452417329167e-01,-4.046052925685222039e-06,-7.700895423172160470e-02,2.221417587532217297e+00,-6.096576128560177166e-01,-1.829959832981257195e-01,1.368127978204928707e+00,1.694922152529364972e-05,3.225963298243023081e-01,-9.305686174996205651e+00
4.700000000000000289e-01,4.840995437170162452e-01,3.731062652747846320e-02,2.165485582167938905e-01,-3.141591666799572469e+00,-6.576459171005977211e-02,2.682713813407997971e+00,1.396321181915321785e-01,4.191224095235586422e-02,-3.133473666619642772e-01,-3.881942343139957815e-06,-7.388542011829130063e-02,2.131315421049702508e+00,-5.903000670545145434e-01,-1.771855857020223912e-01,1.324687857976863947e+00,1.641105825452646302e-05,3.123534113430309067e-01,-9.010216648251457627e+00
4.799999999999999822e-01,4.854387592634474280e-01,3.771260800134089430e-02,2.135432348692574700e-01,-3.141591704031390098e+00,-6.647322883852679887e-02,2.703155319153138336e+00,1.339215546431195003e-01,4.019814738624302719e-02,-3.005323347536434375e-01,-3.723181746213057002e-06,-7.086371284670270332e-02,2.044150574514026708e+00,-5.710563548412666002e-01,-1.714093566112837863e-01,1.281503190832085970e+00,1.587605969269008306e-05,3.021707271588597310e-01,-8.716484653567560414e+00
4.899999999999999911e-01,4.867227760681017701e-01,3.809802091636756149e-02,2.106617825952451506e-01,-3.141591739728615718e+00,-6.715265791458435718e-02,2.722754282859274344e+00,1.284016804654337374e-01,3.854129150266678155e-02,-2.881452274012312742e-01,-3.569722545140715717e-06,-6.794290760575524835e-02,1.959896370613615213e+00,-5.519874177685762939e-01,-1.656855883576245636e-01,1.238710735241216998e+00,1.534592010723411323e-05,2.920805240947454973e-01,-8.425420390041157503e+00
5.000000000000000000e-01,4.879534782830581841e-01,3.846743082321361223e-02,2.078999731835118048e-01,-3.141591773943630983e+00,-6.780387592495526472e-02,2.741539463829304690e+00,1.230702214956405915e-01,3.694099068460527518e-02,-2.761809411733345820e-01,-3.421501515444638797e-06,-6.512180103709123979e-02,1.878518097003045728e+00,-5.331458969793143599e-01,-1.600300818061506369e-01,1.196428622789671214e+00,1.482210296960769194e-05,2.821106568664006886e-01,-8.137827361056951148e+00
5.100000000000000089e-01,4.891327228015017181e-01,3.882139509045300779e-02,2.052536395942871350e-01,-3.141591806728059932e+00,-6.842786543249736175e-02,2.759539205292078634e+00,1.179244518443542389e-01,3.539642672393971540e-02,-2.646333589224666438e-01,-3.278442874122501415e-06,-6.239895075420909959e-02,1.799974146277379283e+00,-5.145769651286349333e-01,-1.544563960665556734e-01,1.154758225086796264e+00,1.430586413221374836e-05,2.722850282882142148e-01,-7.854395072566644487e+00
5.200000000000000178e-01,4.902623354115963616e-01,3.916046175011767688e-02,2.027186845903404810e-01,-3.141591838132661518e+00,-6.902559254105039566e-02,2.776781375695914100e+00,1.129612610094616748e-01,3.390666596646696451e-02,-2.534955003946662844e-01,-3.140460145407278000e-06,-5.977271085530359157e-02,1.724217040383525079e+00,-4.963190834892560743e-01,-1.489760757472750885e-01,1.113785852780035501e+00,1.379827287152234155e-05,2.626239898905505243e-01,-7.575710589385420413e+00
5.300000000000000266e-01,4.913441075526274737e-01,3.948516852401514482e-02,2.002910880164962271e-01,-3.141591868207239902e+00,-6.959800517897021810e-02,2.793293319195038205e+00,1.081772141031124568e-01,3.247067738974679374e-02,-2.427596573844243155e-01,-3.007457835286963374e-06,-5.724126379198274384e-02,1.651194349912404435e+00,-4.784046906349210815e-01,-1.435988576720168275e-01,1.073584301024197662e+00,1.330023101203145753e-05,2.531447063320845792e-01,-7.302269047112067035e+00
5.400000000000000355e-01,4.923797936108021411e-01,3.979604201203077590e-02,1.979669128681081913e-01,-3.141591897000569400e+00,-7.014603166821911651e-02,2.809101814373246686e+00,1.035686058174666163e-01,3.108734880156294872e-02,-2.324175148388046841e-01,-2.879332931750742487e-06,-5.480264892488957706e-02,1.580849517820828609e+00,-4.608608285645837133e-01,-1.383328588183845576e-01,1.034214254561963919e+00,1.281249035362210397e-05,2.438614867093170102e-01,-7.034483209157594175e+00
5.500000000000000444e-01,4.933711086978126437e-01,4.009359702533723396e-02,1.957423102761677025e-01,-3.141591924560331872e+00,-7.067057954890731963e-02,2.824233040336364020e+00,9.913150870105202905e-02,2.975550133064597952e-02,-2.224602591940484375e-01,-2.755976246821214933e-06,-5.245478806882020173e-02,1.513122596311712087e+00,-4.437097116414585596e-01,-1.331847470916970588e-01,9.957255644756259905e-01,1.233566849295276040e-05,2.347860856069375335e-01,-6.772692150911662878e+00
5.600000000000000533e-01,4.943197268604959116e-01,4.037833604900244178e-02,1.936135235249936137e-01,-3.141591950933067867e+00,-7.117253463194597729e-02,2.838712549384857731e+00,9.486181626832579372e-02,2.847390236652079520e-02,-2.128786751174099601e-01,-2.637273615292194009e-06,-5.019550830386566853e-02,1.447950904849392373e+00,-4.269692432726240328e-01,-1.281598964125184870e-01,9.581584076638484104e-01,1.187026315290207721e-05,2.259279764954533198e-01,-6.517169146231978516e+00
5.700000000000000622e-01,4.952272796746948202e-01,4.065074881992036121e-02,1.915768912077368824e-01,-3.141591976164137545e+00,-7.165276025499815737e-02,2.852565245550835460e+00,9.075528141989218367e-02,2.724127709179203702e-02,-2.036632317256739100e-01,-2.523106962706238373e-06,-4.802256230521848024e-02,1.385269616597794684e+00,-4.106534848433612828e-01,-1.232625274728758186e-01,9.215443391736053425e-01,1.141666525859554322e-05,2.172945998647191623e-01,-6.268128825159767104e+00
5.799999999999999600e-01,4.960953551807895101e-01,4.091131200729800771e-02,1.896288496151471159e-01,-3.141592000297690035e+00,-7.211209671922212683e-02,2.865815368350213443e+00,8.680755060946632184e-02,2.605631873776455970e-02,-1.948041592589764559e-01,-2.413355255100558533e-06,-4.593364642239743112e-02,1.325012279937811677e+00,-3.947730810425860160e-01,-1.184958354027476068e-01,8.859072466697457404e-01,1.097517076056797391e-05,2.088915882821051617e-01,-6.025733665998300737e+00
5.899999999999999689e-01,4.969254971223472372e-01,4.116048898412721924e-02,1.877659344441120204e-01,-3.141592023376643450e+00,-7.255136088640803949e-02,2.878486481161631527e+00,8.301419415577546146e-02,2.491769768292112497e-02,-1.862915171035108008e-01,-2.307895342004277308e-06,-4.392641671859152247e-02,1.267111281141819479e+00,-3.793356453690865382e-01,-1.138621054843434316e-01,8.512642155465655058e-01,1.054599130962814273e-05,2.007229703805908649e-01,-5.790099879599217125e+00
5.999999999999999778e-01,4.977192044529759607e-01,4.139872967916081309e-02,1.859847819043241035e-01,-3.141592045442670678e+00,-7.297134591803258741e-02,2.890601463699165041e+00,7.937073306287496799e-02,2.382406950335920828e-02,-1.781152539787927702e-01,-2.206602701867287758e-06,-4.199850316245435505e-02,1.211498253753366061e+00,-3.643461092900495135e-01,-1.093628179561915853e-01,8.176263124718030628e-01,1.012926401369897535e-05,1.927913556137166862e-01,-5.561302738845333771e+00
6.099999999999999867e-01,4.984779310797815555e-01,4.162647049990826631e-02,1.842821292939860189e-01,-3.141592066536191830e+00,-7.337282113951114348e-02,2.902182508096512681e+00,7.587266268056018503e-02,2.277408207474503413e-02,-1.702652610338098449e-01,-2.109352099861620194e-06,-4.014752214785599627e-02,1.158104439734745306e+00,-3.498070382314778515e-01,-1.049987428614173740e-01,7.849992944982931986e-01,9.725060200566756425e-06,1.850981014598360175e-01,-5.339381401862067555e+00
6.199999999999999956e-01,4.992030858148559513e-01,4.184413431807430112e-02,1.826548151086756500e-01,-3.141592086696373354e+00,-7.375653201452807284e-02,2.913251118166519937e+00,7.251547350743882403e-02,2.176638181660315793e-02,-1.627314185310364536e-01,-2.016018166406668023e-06,-3.837108750169236637e-02,1.106861007000738306e+00,-3.357189173121365999e-01,-1.007700258141875915e-01,7.533842502773381300e-01,9.333393345495227312e-06,1.776434646163626563e-01,-5.124343273400699950e+00
6.300000000000000044e-01,4.998960325089816248e-01,4.205213050969187905e-02,1.810997787413009263e-01,-3.141592105961132475e+00,-7.412320021578552853e-02,2.923828111442018596e+00,6.929466941256919033e-02,2.079961916175790751e-02,-1.555036367374728890e-01,-1.926475903725703568e-06,-3.666682012574570826e-02,1.057699327549885604e+00,-3.220804094869632039e-01,-9.667626548452487589e-02,7.227781793563570201e-01,8.954226268096445460e-06,1.704267375946660612e-01,-4.916167945085271995e+00
6.400000000000000133e-01,5.005580903442532481e-01,4.225085504295605920e-02,1.796140598254299392e-01,-3.141592124367143857e+00,-7.447352377984228777e-02,2.933933623642340116e+00,6.620578352716542658e-02,1.987245332641770015e-02,-1.485718915870990198e-01,-1.840601127348107846e-06,-3.503235640567618769e-02,1.010551220032147812e+00,-3.088885885403768738e-01,-9.271658353402088826e-02,6.931745150373875841e-01,8.587477637759572167e-06,1.634463720069521953e-01,-4.714810751773779174e+00
6.500000000000000222e-01,5.011905342646085781e-01,4.244069060745294525e-02,1.781947972691398374e-01,-3.141592141949852479e+00,-7.480817733492634014e-02,2.943587115244848729e+00,6.324439203553415545e-02,1.898355644968869813e-02,-1.419262556290097621e-01,-1.758270849821735240e-06,-3.346535550840568085e-02,9.653491602508766922e-01,-2.961391491631276129e-01,-8.888968767290032769e-02,6.645635958089247675e-01,8.233027752637270819e-06,1.567000897270503512e-01,-4.520205978127115998e+00
6.600000000000000311e-01,5.017945955253482193e-01,4.262200677910463892e-02,1.768392280218435419e-01,-3.141592158743488739e+00,-7.512781239170973624e-02,2.952807379872699034e+00,6.040612607396798894e-02,1.813161716516922470e-02,-1.355569247296308510e-01,-1.679363611430534559e-06,-3.196350567833928374e-02,9.220264627850345285e-01,-2.838265961566168172e-01,-8.519392845194742603e-02,6.369330899378911059e-01,7.890723839120073989e-06,1.501849830066397939e-01,-4.332269746584220371e+00
6.700000000000000400e-01,5.023714623446244865e-01,4.279516021572127293e-02,1.755446856122890587e-01,-3.141592174781086211e+00,-7.543305768803948430e-02,2.961612554239020589e+00,5.768668192762117092e-02,1.731534366166324196e-02,-1.294542409554491902e-01,-1.603759763674408317e-06,-3.052452963297517044e-02,8.805174366321686374e-01,-2.719444146346819968e-01,-8.162735035059827393e-02,6.102683774181660858e-01,7.560384775612621665e-06,1.438976045364112333e-01,-4.150902615286594433e+00
6.800000000000000488e-01,5.029222806416073777e-01,4.296049487857044741e-02,1.743085984920459686e-01,-3.141592190094503412e+00,-7.572451957953350854e-02,2.970020129414136179e+00,5.508182969828791242e-02,1.653346628491713516e-02,-1.236087120243080095e-01,-1.531341710375195317e-06,-2.914618914940276390e-02,8.407575175115665767e-01,-2.604852229333259328e-01,-7.818773767461076329e-02,5.845528931141174001e-01,7.241805329921302507e-06,1.378340483572406128e-01,-3.975991912060207412e+00
6.900000000000000577e-01,5.034481548476109625e-01,4.311834227584633583e-02,1.731284882152638316e-01,-3.141592204714444669e+00,-7.600278246878262867e-02,2.978046963206418596e+00,5.258742060036236676e-02,1.578473972758883195e-02,-1.180110276782145307e-01,-1.461994110144260045e-06,-2.782628892491205430e-02,8.026833792282602742e-01,-2.494409097925543994e-01,-7.487265573283032050e-02,5.597684346093484420e-01,6.934760023093532354e-06,1.319900224490708762e-01,-3.807413828330634242e+00
7.000000000000000666e-01,5.039501487778905719e-01,4.326902172434999444e-02,1.720019674822786948e-01,-3.141592218670484993e+00,-7.626840926665633125e-02,2.985709293469221315e+00,5.019939302795736746e-02,1.506794485036567349e-02,-1.126520732985147044e-01,-1.395604045388433413e-06,-2.656267978736974802e-02,7.662330262802569125e-01,-2.388027572405000964e-01,-7.167948772231591548e-02,5.358954379699820691e-01,6.639006475582658050e-06,1.263609137542307248e-01,-3.645035294800337500e+00
7.099999999999999645e-01,5.044292865531214698e-01,4.341284062608222888e-02,1.709267380717291451e-01,-3.141592231991096718e+00,-7.652194187989734553e-02,2.993022752166139888e+00,4.791377752308752236e-02,1.438189017322366765e-02,-1.075229410549550374e-01,-1.332061160475759828e-06,-2.535326132410081409e-02,7.313458696918466728e-01,-2.285615504869848436e-01,-6.860546771420059087e-02,5.129132243559662019e-01,6.354288491267361030e-06,1.209418463268934346e-01,-3.488715658841026634e+00
7.199999999999999734e-01,5.048865535607501842e-01,4.355009475680458181e-02,1.699005886831957135e-01,-3.141592244703674375e+00,-7.676390171981427313e-02,3.000002380044874961e+00,4.572670076287683322e-02,1.372541307223525825e-02,-1.026149388533444118e-01,-1.271257772222184081e-06,-2.419598399169322483e-02,6.979627878735038538e-01,-2.187076760210687476e-01,-6.564771009884091957e-02,4.908002201610620618e-01,6.080338825357584868e-06,1.157277332407588843e-01,-3.338308181834280575e+00
7.299999999999999822e-01,5.053228974474786028e-01,4.368106856394515097e-02,1.689213927099753321e-01,-3.141592256834564001e+00,-7.699479022744795675e-02,3.006662641786298273e+00,4.363438867283751799e-02,1.309738071405698069e-02,-9.791959732203925348e-02,-1.213088956852951421e-06,-2.308885076336903569e-02,6.660261741423230131e-01,-2.092312090039317729e-01,-6.280323581782770725e-02,4.695341531305164962e-01,5.816881536923266010e-06,1.107133228324189839e-01,-3.193661373118084068e+00
7.399999999999999911e-01,5.057392291351116009e-01,4.380603547151751959e-02,1.679871059594242599e-01,-3.141592268409090227e+00,-7.721508941110086233e-02,3.013017441510146277e+00,4.163316876329982430e-02,1.249669075723670343e-02,-9.342867505510801807e-02,-1.157452614644658126e-06,-2.202991836529096317e-02,6.354799723847962545e-01,-2.001219909537692021e-01,-6.006899568202774681e-02,4.490922266931232087e-01,5.563634220829327013e-06,1.058932398078073767e-01,-3.054620175752671862e+00
7.500000000000000000e-01,5.061364238528813786e-01,4.392525818998500170e-02,1.670957643363281675e-01,-3.141592279451585590e+00,-7.742526239258444576e-02,3.019080138532194812e+00,3.971947177697270071e-02,1.192227184674850456e-02,-8.913416230960917452e-02,-1.104249515905231832e-06,-2.101729814835823218e-02,6.062697022048322282e-01,-1.913696986327120264e-01,-5.744189104881990832e-02,4.294512745498840212e-01,5.320309873942631880e-06,1.012620216932730993e-01,-2.921027017996399966e+00
7.600000000000000089e-01,5.065153221801544925e-01,4.403898902924169995e-02,1.662454815029704158e-01,-3.141592289985418951e+00,-7.762575395896094410e-02,3.024863563279926115e+00,3.788983272730764990e-02,1.137308392566997034e-02,-8.502828333577577835e-02,-1.053383329757239546e-06,-2.004915663765006670e-02,5.783424747731260585e-01,-1.829639049665049144e-01,-5.491879210785345633e-02,4.105878973833395063e-01,5.086618614799233718e-06,9.681415107081643712e-02,-2.792722743170620525e+00
7.700000000000000178e-01,5.068767310941520998e-01,4.414747021309811670e-02,1.654344465279515008e-01,-3.141592300033025253e+00,-7.781699111693758664e-02,3.030380033284709285e+00,3.614089139975967119e-02,1.084811838564160406e-02,-8.110349750189119189e-02,-1.004760638221052137e-06,-1.912371579766460397e-02,5.516470004783006198e-01,-1.748941327547977875e-01,-5.249655400283655127e-02,3.924785833884592567e-01,4.862269153618748496e-06,9.254408399854634204e-02,-2.669547429482547418e+00
7.800000000000000266e-01,5.072214250179633011e-01,4.425093419385484755e-02,1.646609215343502464e-01,-3.141592309615934830e+00,-7.799938364741601515e-02,3.035641369178456284e+00,3.446939238112487619e-02,1.034639807567287219e-02,-7.735249936012540684e-02,-9.582909369149657778e-07,-1.823925304784269896e-02,5.261335893747098869e-01,-1.671499018634795830e-01,-5.017203099687325002e-02,3.750998141765783389e-01,4.646970130608641032e-06,8.844627498219065354e-02,-2.551341110359071962e+00
7.900000000000000355e-01,5.075501468647216630e-01,4.434960396572451558e-02,1.639232393564956924e-01,-3.141592318754800939e+00,-7.817332465801131447e-02,3.040658910631711898e+00,3.287218467583068182e-02,9.866977186967133481e-03,-7.376821778545485098e-02,-9.138866242186334134e-07,-1.739410105953039312e-02,5.017541453255730532e-01,-1.597207705294196867e-01,-4.794208887057390539e-02,3.584281574670549753e-01,4.440431269633236440e-06,8.451519883123045918e-02,-2.437944404913679808e+00
8.000000000000000444e-01,5.078636090743446907e-01,4.444369337602164377e-02,1.632198012134267462e-01,-3.141592327469430845e+00,-7.833919113163624603e-02,3.045443532178235824e+00,3.134622096230827576e-02,9.408941029713022500e-03,-7.034381430689368164e-02,-8.714629810357817523e-07,-1.658664736249333693e-02,4.784621546524003843e-01,-1.525963713522407728e-01,-4.580361572541107734e-02,3.424403478561166003e-01,4.242364318285168655e-06,8.074536970370550792e-02,-2.329199067317266891e+00
8.100000000000000533e-01,5.081624946397180764e-01,4.453340743318382616e-02,1.625490744060415771e-01,-3.141592335778812473e+00,-7.849734446949950539e-02,3.050005658878453652e+00,2.988855653734217438e-02,8.971405716218360665e-03,-6.707268073851635481e-02,-8.309381409435240064e-07,-1.581533378632617518e-02,4.562126700217634112e-01,-1.457664424966102212e-01,-4.375353134946625977e-02,3.271133568377326828e-01,4.052484009225777128e-06,7.713135761671620350e-02,-2.224948463063699311e+00
8.200000000000000622e-01,5.084474581196333220e-01,4.461894261081714164e-02,1.619095900439710689e-01,-3.141592343701142820e+00,-7.864813102709528048e-02,3.054355281780730458e+00,2.849634799152285514e-02,8.553517763331552545e-03,-6.394843620705135956e-02,-7.922330536646679758e-07,-1.507865575957707295e-02,4.349622902276834568e-01,-1.392208545819318410e-01,-4.178879528868073567e-02,3.124244531464991925e-01,3.870508727885600517e-06,7.366780267491024325e-02,-2.125037979407996325e+00
8.300000000000000711e-01,5.087191266361792419e-01,4.470048714707506449e-02,1.612999408073402252e-01,-3.141592351253857274e+00,-7.879188264196639035e-02,3.058501973145347108e+00,2.716685165458905885e-02,8.154453625792581692e-03,-6.096492366308570166e-02,-7.552714420037554818e-07,-1.437516148711075886e-02,4.146691364616615916e-01,-1.329496336933796430e-01,-3.990641375389702289e-02,2.983512543965659569e-01,3.696161166091251944e-06,7.034942724663142966e-02,-2.029315376602184529e+00
8.399999999999999689e-01,5.089781008546342411e-01,4.477822133878476413e-02,1.607187787477996621e-01,-3.141592358453654921e+00,-7.892891715220783089e-02,3.062454901401368002e+00,2.589742184549623585e-02,7.773419170970232057e-03,-5.811620595405682377e-02,-7.199797527169214001e-07,-1.370345102414370630e-02,3.952928256020891151e-01,-1.269429809092821604e-01,-3.810344548223499467e-02,2.848717709028876222e-01,3.529168928683408170e-06,6.717104629670522797e-02,-1.937631085957248978e+00
8.499999999999999778e-01,5.092249559442187934e-01,4.485231782982840310e-02,1.601648131325081881e-01,-3.141592365316526081e+00,-7.905953890484267166e-02,3.066222845811367392e+00,2.468550895845603166e-02,7.409649104364074597e-03,-5.539656152914852749e-02,-6.862871036350971638e-07,-1.306217526348447261e-02,3.767944409999550159e-01,-1.211912887040202946e-01,-3.637700666061576688e-02,2.719644424908299052e-01,3.369264908182426173e-06,6.412757606592334181e-02,-1.849838460213409252e+00
8.599999999999999867e-01,5.094602425183480943e-01,4.492294189337110027e-02,1.596368083341193900e-01,-3.141592371857778510e+00,-7.918403925335051885e-02,3.069814210823246903e+00,2.352865741292688856e-02,7.062406354269764805e-03,-5.280047983888053187e-02,-6.541252266415277609e-07,-1.245003485078465845e-02,3.591365011879316671e-01,-1.156851545529143099e-01,-3.472427500943094797e-02,2.596081690267993958e-01,3.216187699356944098e-06,6.121404126998139517e-02,-1.765793981202334217e+00
8.699999999999999956e-01,5.096844875532737795e-01,4.499025170760225650e-02,1.591335817692641486e-01,-3.141592378092062710e+00,-7.930269704376088913e-02,3.073237040092193340e+00,2.242450349256962933e-02,6.730981423115877868e-03,-5.032265648552541187e-02,-6.234284075422308508e-07,-1.186577904103644325e-02,3.422829268946457892e-01,-1.104153920357258400e-01,-3.314249311538867981e-02,2.477823353355118330e-01,3.069681909929693555e-06,5.842558097482149909e-02,-1.685357429328585788e+00
8.800000000000000044e-01,5.098981952842286391e-01,4.505439862472397639e-02,1.586540018875197133e-01,-3.141592384033396801e+00,-7.941577908884216164e-02,3.076499030159241865e+00,2.137077309548918169e-02,6.414691712172181613e-03,-4.795798817444310580e-02,-5.941334235647246642e-07,-1.130820450812770363e-02,3.261990067048384789e-01,-1.053730397080446801e-01,-3.162897109436963589e-02,2.364668311082306906e-01,2.929498397750619927e-06,5.575745329087389984e-02,-1.608392018980732363e+00
8.900000000000000133e-01,5.101018480783849895e-01,4.511552743297993218e-02,1.581969862124103232e-01,-3.141592389695191390e+00,-7.952354063002188556e-02,3.079607543775929823e+00,2.036527941563955058e-02,6.112880825595775128e-03,-4.570156751093966407e-02,-5.661794789549634378e-07,-1.077615411797268503e-02,3.108513616688162173e-01,-1.005493679849632782e-01,-3.018108865764061732e-02,2.256420663503439228e-01,2.795394460976127728e-06,5.320503901550185932e-02,-1.534764503602224162e+00
9.000000000000000222e-01,5.102959072841155574e-01,4.517377661157109814e-02,1.577614994355874822e-01,-3.141592395090272660e+00,-7.962622578676752105e-02,3.082569622867237680e+00,1.940592057305379897e-02,5.824917859116436614e-03,-4.354867768228454922e-02,-5.395081389102042016e-07,-1.026851567456371454e-02,2.962079091307780465e-01,-9.593588425857532687e-02,-2.879629664793380978e-02,2.152889828655114302e-01,2.667134004475921079e-06,5.076384434089709075e-02,-1.464345253803819080e+00
9.100000000000000311e-01,5.104808140562010488e-01,4.522927857835169763e-02,1.573465515649873359e-01,-3.141592400230905469e+00,-7.972406799323979165e-02,3.085392001127387207e+00,1.849067720855276237e-02,5.550196678059841210e-03,-4.149478706001490103e-02,-5.140632627497037923e-07,-9.784220647227101497e-03,2.822378260149525087e-01,-9.152433645010374375e-02,-2.747211810565949874e-02,2.053890622269647359e-01,2.544487616050043471e-06,4.842950273366134623e-02,-1.397008311582555118e+00
9.200000000000000400e-01,5.106569901567686864e-01,4.528215993024031077e-02,1.569511961274515643e-01,-3.141592405128814658e+00,-7.981729042210383707e-02,3.088081116245194657e+00,1.761761005676846029e-02,5.288135188861648774e-03,-3.953554375357577755e-02,-4.897909364185158039e-07,-9.322242886404333295e-03,2.689115117807342470e-01,-8.730671517843029139e-02,-2.620614891981922281e-02,1.959243306439123478e-01,2.427232633118801379e-06,4.619777608227675775e-02,-1.332631423421826833e+00
9.300000000000000488e-01,5.108248387318654604e-01,4.533254167631763087e-02,1.565745284260250114e-01,-3.141592409795208596e+00,-7.990610639544792893e-02,3.090643121757523648e+00,1.678485750967296034e-02,5.038174607731741098e-03,-3.766677014265413376e-02,-4.666394051016408969e-07,-8.881597334409394029e-03,2.562005512328997536e-01,-8.327525470954987019e-02,-2.499605811299076760e-02,1.868773610921643791e-01,2.315153131687491966e-06,4.406455519949392663e-02,-1.271096054783452001e+00
9.400000000000000577e-01,5.109847450636786359e-01,4.538053946361444990e-02,1.562156838519027369e-01,-3.141592414240798714e+00,-7.999071978281618867e-02,3.093083898531026499e+00,1.599063318131722228e-02,4.799778729681618283e-03,-3.588445741222794777e-02,-4.445590050673736315e-07,-8.461338736826286289e-03,2.440776773502910391e-01,-7.942243283557384737e-02,-2.383958780501223979e-02,1.782312730426185432e-01,2.208040003426725275e-06,4.202585975831077403e-02,-1.212287388260872234e+00
9.500000000000000666e-01,5.111370772985101008e-01,4.542626379562170191e-02,1.558738362507893493e-01,-3.141592418475819493e+00,-8.007132538641119346e-02,3.095409065873785170e+00,1.523322348314143024e-02,4.572433200724940888e-03,-3.418476011133852327e-02,-4.235020963974477445e-07,-8.060560359500340555e-03,2.325167342758588662e-01,-7.574096981757928726e-02,-2.273455289566769788e-02,1.699697300889425888e-01,2.105690866992588488e-06,4.007783773259457338e-02,-1.156094307443218394e+00
9.599999999999999645e-01,5.112821871506901816e-01,4.546982024357867913e-02,1.555481963432505943e-01,-3.141592422510049332e+00,-8.014810931356555757e-02,3.097623992279709970e+00,1.451098521800656994e-02,4.355644795697515351e-03,-3.256399075387535896e-02,-4.034229963196574865e-07,-7.678392715435839073e-03,2.214926405924655950e-01,-7.222382651348598082e-02,-2.167884050274251212e-02,1.620769357463164861e-01,2.007910007779027912e-06,3.821676440645012385e-02,-1.102409368339326790e+00
9.699999999999999734e-01,5.114204105826902769e-01,4.551130965061683104e-02,1.552380101984784655e-01,-3.141592426352828316e+00,-8.022124933661890778e-02,3.099733805809631981e+00,1.382234320000572288e-02,4.148940703815323996e-03,-3.101861447721276227e-02,-3.842779127207010471e-07,-7.314002305334727123e-03,2.109813529921821251e-01,-6.886420180008463732e-02,-2.067040918821911460e-02,1.545376276662595305e-01,1.914508359895645848e-06,3.643904101011120888e-02,-1.051128760028348319e+00
9.799999999999999822e-01,5.115520684617516078e-01,4.555082832885477134e-02,1.549425577607551618e-01,-3.141592430013077308e+00,-8.029091524036881256e-02,3.101743404113950220e+00,1.316578790612994536e-02,3.951867823794128799e-03,-2.954524377233137822e-02,-3.660248790310246544e-07,-6.966590374991039024e-03,2.009598304318082895e-01,-6.565552938757777957e-02,-1.970728800211953013e-02,1.473370704881383497e-01,1.825303368967638006e-06,3.474119303436879608e-02,-1.002152256037383449e+00
9.899999999999999911e-01,5.116774671934014584e-01,4.558846824955566090e-02,1.546611514277844157e-01,-3.141592433499314385e+00,-8.035726915729168862e-02,3.103657464102488994e+00,1.253987316498030719e-02,3.763992070088887677e-03,-2.814063329707450212e-02,-3.486236897897502752e-07,-6.635391692288005600e-03,1.914059988538568680e-01,-6.259147411496379654e-02,-1.878757537052413301e-02,1.404610475256876101e-01,1.740118924127436009e-06,3.311986827030335284e-02,-9.553831577951418241e-01
1.000000000000000000e+00,5.117968993322706828e-01,4.562431722647138782e-02,1.543931346799603255e-01,-3.141592436819672596e+00,-8.042046589075294016e-02,3.105480451267890185e+00,1.194321388692365024e-02,3.584897691573016385e-03,-2.680167478240803869e-02,-3.320358378455103398e-07,-6.319673346124852348e-03,1.822987165401264154e-01,-5.966592780566561116e-02,-1.790943785158711707e-02,1.338958514666464261e-01,1.658785194423991635e-06,3.157183461631528354e-02,-9.107282313730449275e-01
1.010000000000000009e+00,5.119106441706644528e-01,4.565845909250902668e-02,1.541378807595607525e-01,-3.141592439981917284e+00,-8.048065322644518127e-02,3.107216628669431380e+00,1.137448383937828510e-02,3.414186603763923449e-03,-2.552539203995609837e-02,-3.162244524682843470e-07,-6.018733569223792303e-03,1.736177401541274257e-01,-5.687300475453647280e-02,-1.707110878090931094e-02,1.276282742451941565e-01,1.581138537722600547e-06,3.009397769010600451e-02,-8.680976385998983025e-01
1.020000000000000018e+00,5.120189683053671947e-01,4.569097386986412795e-02,1.538947913987842031e-01,-3.141592442993459855e+00,-8.053797223230949043e-02,3.108870065584620423e+00,1.083241347027852526e-02,3.251477735510014452e-03,-2.430893607765456654e-02,-3.011542384318341661e-07,-5.731900586430582756e-03,1.653436915189012979e-01,-5.420703690997604601e-02,-1.627088682539091710e-02,1.216455962301532245e-01,1.507021403645016183e-06,2.868329827932092346e-02,-8.274048635226137760e-01
1.030000000000000027e+00,5.121221261831891969e-01,4.572193793377296589e-02,1.536632955954933266e-01,-3.141592445861374205e+00,-8.059255754720770493e-02,3.110444645836301092e+00,1.031578778219797640e-02,3.096406390883507317e-03,-2.314958032908738528e-02,-2.867914173331924743e-07,-5.458531489820778529e-03,1.574580251680827159e-01,-5.166256880805490670e-02,-1.550713446265069781e-02,1.159355748567180433e-01,1.436282109864167280e-06,2.733690966098038105e-02,-7.885666350818592019e-01
1.040000000000000036e+00,5.122203606257802466e-01,4.575142417004167406e-02,1.534428484354840305e-01,-3.141592448592410936e+00,-8.064453765862425461e-02,3.111944075803304344e+00,9.823444259103275913e-03,2.948623626870924136e-03,-2.204471600093060521e-02,-2.731036698287379871e-07,-5.198011141655085009e-03,1.499429967003036990e-01,-4.923435230947000724e-02,-1.477827640125833897e-02,1.104864328156781317e-01,1.368774750445450623e-06,2.605203481656933120e-02,-7.515028467779030219e-01
1.050000000000000044e+00,5.123139033342528625e-01,4.577950212651484690e-02,1.532329299600648786e-01,-3.141592451193011559e+00,-8.069403516968413903e-02,3.113371892122905660e+00,9.354270847258283963e-03,2.807795647317449725e-03,-2.099184754191479180e-02,-2.600600795396461559e-07,-4.949751105988014002e-03,1.427816319601364070e-01,-4.691734118449913254e-02,-1.408279795534746193e-02,1.052868459015815217e-01,1.304359028909183761e-06,2.482600356670713188e-02,-7.161364740167298626e-01
1.060000000000000053e+00,5.124029753741667914e-01,4.580623815864945381e-02,1.530330440777067369e-01,-3.141592453669322271e+00,-8.074116705577935593e-02,3.114731469093531935e+00,8.907203991396800413e-03,2.673603213460826362e-03,-1.998858823581534799e-02,-2.476310784180436291e-07,-4.713188609521559193e-03,1.359576970626457659e-01,-4.470668558614829258e-02,-1.341924338566234665e-02,1.003259306099444637e-01,1.242900112160250138e-06,2.365624964664548094e-02,-6.823934897490651075e-01
1.070000000000000062e+00,5.124877876414360989e-01,4.583169556936229211e-02,1.528427175185049225e-01,-3.141592456027206381e+00,-8.078604491110043251e-02,3.116026025786263975e+00,8.481226726926624493e-03,2.545741071283700099e-03,-1.903265592018218294e-02,-2.357883935647505517e-07,-4.487785532107466807e-03,1.294556692731905490e-01,-4.259772644701759203e-02,-1.278621421771263672e-02,9.559323156331633875e-02,1.184268485329307735e-06,2.254030774140920734e-02,-6.502027789455210316e-01
1.080000000000000071e+00,5.125685413097221810e-01,4.585593474332048253e-02,1.526614988301867593e-01,-3.141592458272256305e+00,-8.082877518537179284e-02,3.117258632873757040e+00,8.075366828613147335e-03,2.423917395819011941e-03,-1.812186883181495650e-02,-2.245049958375791258e-07,-4.273027427135340540e-03,1.232607087493187842e-01,-4.058598983134771576e-02,-1.218236754646880547e-02,9.107870883672264384e-02,1.128339772717141845e-06,2.147581049721260585e-02,-6.194960523871760882e-01
1.090000000000000080e+00,5.126454282598813528e-01,4.587901327584507916e-02,1.524889574143930560e-01,-3.141592460409806886e+00,-8.086945941109076330e-02,3.118432219185230725e+00,7.688695015914603567e-03,2.307853252459991615e-03,-1.725414157936935172e-02,-2.137550501998417737e-07,-4.068422571897480251e-03,1.173586311473790167e-01,-3.866718126985433518e-02,-1.160641433590201693e-02,8.677272524456056124e-02,1.074994563773734900e-06,2.046048552378603932e-02,-5.902077601939769158e-01
1.100000000000000089e+00,5.127186314920303412e-01,4.590098609659761658e-02,1.523246826019637179e-01,-3.141592462444945610e+00,-8.090819442156969854e-02,3.119549577996158174e+00,7.320323214897451504e-03,2.197282075253428543e-03,-1.642748124293503045e-02,-2.035138670711251704e-07,-3.873501047892879447e-03,1.117358810927623070e-01,-3.683718010171518203e-02,-1.105711772065631759e-02,8.266603364343204363e-02,1.024118312871661071e-06,1.949215240046007006e-02,-5.622750054616706405e-01
1.110000000000000098e+00,5.127883255207947855e-01,4.592190558821852842e-02,1.521682827659642245e-01,-3.141592464382524152e+00,-8.094507256007890672e-02,3.120613373061252638e+00,6.969402876449245186e-03,2.091949162091225924e-03,-1.563998359994979090e-02,-1.937578557693535512e-07,-3.687813850920519665e-03,1.063795065094541581e-01,-3.509203384482064564e-02,-1.053329131622027237e-02,7.874976429852403870e-02,9.756011301771614909e-07,1.856871969723596777e-02,-5.356374583308152193e-01
1.120000000000000107e+00,5.128546767542979667e-01,4.594182170008512950e-02,1.520193844712002251e-01,-3.141592466227169034e+00,-8.098018188038605403e-02,3.121626144399270331e+00,6.635123350320953385e-03,1.991611186659879729e-03,-1.488982947640040376e-02,-1.844644792623131538e-07,-3.510932030714545519e-03,1.012771338017569994e-01,-3.342795261282916625e-02,-1.003379754313460902e-02,7.501541235493876247e-02,9.293376507040400555e-07,1.768818202059741634e-02,-5.102372707697158116e-01
1.130000000000000115e+00,5.129178438574416576e-01,4.596078205735472377e-02,1.518776316589811881e-01,-3.141592467983290948e+00,-8.101360633898395391e-02,3.122590313838056630e+00,6.316710314371518087e-03,1.896035726959560816e-03,-1.417528122190250296e-02,-1.756122104118996470e-07,-3.342445859789338562e-03,9.641694387860882953e-02,-3.184130359494354023e-02,-9.557545970031885302e-03,7.145482544979014916e-02,8.852268850413516416e-07,1.684861709252067838e-02,-4.860189923148174884e-01
1.140000000000000124e+00,5.129779781000242123e-01,4.597883206545635981e-02,1.517426848659117478e-01,-3.141592469655095865e+00,-8.104542597929485781e-02,3.123508190328144973e+00,6.013424258250257837e-03,1.805000810163346530e-03,-1.349467930694377843e-02,-1.671804900449153741e-07,-3.181964031089978048e-03,9.178764900882827038e-02,-3.032860561212602502e-02,-9.103491679621425123e-03,6.806019149587251571e-02,8.431720366984263366e-07,1.604818286993605833e-02,-4.629294869780552490e-01
1.150000000000000133e+00,5.130352236902305796e-01,4.599601501019187633e-02,1.516142204755086265e-01,-3.141592471246592577e+00,-8.107571710813467336e-02,3.124381975033083236e+00,5.724559020635344719e-03,1.718294473551957397e-03,-1.284643904031214368e-02,-1.591496859282083377e-07,-3.029112883981590655e-03,8.737847049382953257e-02,-2.888652376149131173e-02,-8.670633661138904547e-03,6.482402666316347539e-02,8.030804116707029990e-07,1.528511471083873405e-02,-4.409178514998741139e-01
1.159999999999999920e+00,5.130897180940210411e-01,4.601237215360417382e-02,1.514919300014635484e-01,-3.141592472761602917e+00,-8.110455246471526269e-02,3.125213766204511412e+00,5.449440379047933505e-03,1.635714341229680931e-03,-1.222904740450824444e-02,-1.515010539228887527e-07,-2.883535658058698683e-03,8.317911714283912628e-02,-2.751186415874112140e-02,-8.258013232227655320e-03,6.173916358038996494e-02,7.648632005319581799e-07,1.455772259228918682e-02,-4.199353350990407963e-01
1.169999999999999929e+00,5.131415923409328173e-01,4.602794282576719298e-02,1.513755194013959859e-01,-3.141592474203769747e+00,-8.113200138245738047e-02,3.126005563849855395e+00,5.187424691178299865e-03,1.557067216302260261e-03,-1.164106000675597420e-02,-1.442167000044046215e-07,-2.744891774211875770e-03,7.917976453438338447e-02,-2.620156878696338482e-02,-7.864712492742070502e-03,5.879873977522708656e-02,7.284353918484121682e-07,1.386438838468230690e-02,-3.999352608455738478e-01
1.179999999999999938e+00,5.131909713167986942e-01,4.604276451264896486e-02,1.512647084199652825e-01,-3.141592475576565402e+00,-8.115812994388091339e-02,3.126759274200323180e+00,4.937897586592457887e-03,1.482168688177087868e-03,-1.108109814307134573e-02,-1.372795439076056289e-07,-2.612856142352890966e-03,7.537103504677211685e-02,-2.495271045858421868e-02,-7.489852812517247029e-03,5.599618636846286773e-02,6.937156096798992655e-07,1.320356318589849601e-02,-3.808729487611264286e-01
1.189999999999999947e+00,5.132379740438750559e-01,4.605687294019526062e-02,1.511592299602380340e-01,-3.141592476883298346e+00,-8.118300112883261588e-02,3.127476713986717893e+00,4.700272707632237659e-03,1.410842754629369885e-03,-1.054784597272592772e-02,-1.306732840201993463e-07,-2.487118495170211659e-03,7.174397863946077591e-02,-2.376248789602201233e-02,-7.132593354771806123e-03,5.332521703454186357e-02,6.606259887406273037e-07,1.257376471826794108e-02,-3.627056407311334274e-01
1.199999999999999956e+00,5.132827139488578272e-01,4.607030215477790625e-02,1.510588294822346189e-01,-3.141592478127122057e+00,-8.120667495630524979e-02,3.128159614530382715e+00,4.473990498277841468e-03,1.342921458264844867e-03,-1.004004780034272945e-02,-1.243823640624403359e-07,-2.367382747263608537e-03,6.829005436650292804e-02,-2.262822093543963992e-02,-6.792129636452509667e-03,5.077981723831978544e-02,6.290919957759010405e-07,1.197357479066032786e-02,-3.453924272957851205e-01
1.209999999999999964e+00,5.133252991192549519e-01,4.608308460014789998e-02,1.509632644276067415e-01,-3.141592479311041242e+00,-8.122920862009513909e-02,3.128809625656410631e+00,4.258517039708849782e-03,1.278244536999539448e-03,-9.556505462787346500e-03,-1.183919404624110219e-07,-2.253366378988833074e-03,6.500111260279572978e-02,-2.154734585689918949e-02,-6.467692126530541832e-03,4.835423375553821179e-02,5.990423600029317205e-07,1.140163682747755147e-02,-3.288941763707191601e-01
1.219999999999999973e+00,5.133658325485677132e-01,4.609525119102959867e-02,1.508723036694271102e-01,-3.141592480437919832e+00,-8.125065661853844712e-02,3.129428319436045047e+00,4.053342931274604884e-03,1.216659088169743351e-03,-9.096075817962373522e-03,-1.126878513807796762e-07,-2.144799844330478981e-03,6.186937796344728346e-02,-2.051741084342447938e-02,-6.158544882979604534e-03,4.604296448249738105e-02,5.704089081631341977e-07,1.085665346583540927e-02,-3.131734639348446314e-01
1.229999999999999982e+00,5.134044123707234286e-01,4.610683138348840165e-02,1.507857269861013483e-01,-3.141592481510485868e+00,-8.127107087855957313e-02,3.130017193765008532e+00,3.857982215569343443e-03,1.158019245880508377e-03,-8.657668332576601983e-03,-1.072565864849613943e-07,-2.041426002112501845e-03,5.888743289634770089e-02,-1.953607157052615617e-02,-5.863984228923507791e-03,4.384074853857707066e-02,5.431264895818276621e-07,1.033738422179770328e-02,-2.981945067099584512e-01
1.239999999999999991e+00,5.134411320841864024e-01,4.611785324220038507e-02,1.507033245584419590e-01,-3.141592482531338604e+00,-8.129050087425808424e-02,3.130577675784287361e+00,3.671971346297663290e-03,1.102185871198207642e-03,-8.240242765939927855e-03,-1.020852585933130954e-07,-1.942999569851019612e-03,5.604820192788420585e-02,-1.860108692716802223e-02,-5.583337468230063078e-03,4.174255666366749606e-02,5.171327891648301016e-07,9.842643226148223290e-03,-2.839230968463497540e-01
1.250000000000000000e+00,5.134760807661625792e-01,4.612834350474830092e-02,1.506248964889736752e-01,-3.141592483502954281e+00,-8.130899374025360449e-02,3.131111125149704133e+00,3.494868197613468924e-03,1.049026254791826087e-03,-7.842806946828387304e-03,-9.716157608824658304e-08,-1.849286599552491753e-03,5.334493654169784882e-02,-1.771031486841943142e-02,-5.315961640638155496e-03,3.974358191115397176e-02,4.923682505066517638e-07,9.371297029852785829e-03,-2.703265386186353703e-01
1.260000000000000009e+00,5.135093432772988020e-01,4.613832764306458750e-02,1.505502523425689687e-01,-3.141592484427692344e+00,-8.132659438000122698e-02,3.131618837156408208e+00,3.326251113617854829e-03,9.984138316284625701e-04,-7.464414640469742290e-03,-9.247381652256197406e-08,-1.760063974761779835e-03,5.077120067041886176e-02,-1.686170839956140782e-02,-5.061242316336349127e-03,3.783923063586454305e-02,4.687759565684607392e-07,8.922262479071197891e-03,-2.573735871278985399e-01
1.270000000000000018e+00,5.135410004572659171e-01,4.614782992213789514e-02,1.504792107075418051e-01,-3.141592485307800331e+00,-8.134334556928290993e-02,3.132102045724212580e+00,3.165717996709105624e-03,9.502279073307200999e-04,-7.104163502716588988e-03,-8.801080109637659906e-08,-1.675118928168491898e-03,4.832085678043097215e-02,-1.605331169087493778e-02,-4.818592429774250056e-03,3.602511377531533027e-02,4.463015426185371819e-07,8.494504659328801568e-03,-2.450343889987891266e-01
1.280000000000000027e+00,5.135711293116007603e-01,4.615687345609596759e-02,1.504115987763567919e-01,-3.141592486145419194e+00,-8.135928805507376682e-02,3.132561926249511686e+00,3.012885433489295543e-03,9.043533958071846551e-04,-6.761193118500093829e-03,-8.376187041624192718e-08,-1.594248579086207521e-03,4.598805252989298514e-02,-1.528325632198100290e-02,-4.587451152353548382e-03,3.429703842164949501e-02,4.248930680134668712e-07,8.087034908228443730e-03,-2.332804250537987845e-01
1.290000000000000036e+00,5.135998031901702898e-01,4.616548026177368785e-02,1.503472519451398703e-01,-3.141592486942587747e+00,-8.137446064997504169e-02,3.132999598329316626e+00,2.867387856947413525e-03,8.606805677717190234e-04,-6.434683121691514573e-03,-7.971686120270272380e-08,-1.517259490127155193e-03,4.376720798047728511e-02,-1.454975765418819143e-02,-4.367282803546560128e-03,3.265099968085788396e-02,4.045009213539200196e-07,7.698908895905235382e-03,-2.220844549415702529e-01
1.300000000000000044e+00,5.136270919576068072e-01,4.617367130987141272e-02,1.502860134312044849e-01,-3.141592487701248437e+00,-8.138890032239909367e-02,3.133416128362752406e+00,2.728876743657044236e-03,8.191048097728271041e-04,-6.123851393539898186e-03,-7.586608417468783938e-08,-1.443967242404673801e-03,4.165300334356474010e-02,-1.385111132903691332e-02,-4.157575799889188031e-03,3.108317281516163877e-02,3.850777028014882833e-07,7.329224772248131396e-03,-2.114204636912545010e-01
1.310000000000000053e+00,5.136530621560543297e-01,4.618146657380502174e-02,1.502277339078354756e-01,-3.141592488423251339e+00,-8.140264228268516422e-02,3.133812532035172183e+00,2.597019844748081705e-03,7.795263933606229410e-04,-5.827952336901223891e-03,-7.220030244321162579e-08,-1.374196028606857389e-03,3.964036724195540984e-02,-1.318568989089625824e-02,-3.957841641220416311e-03,2.958990566386742946e-02,3.665781731476215183e-07,6.977121379781643824e-03,-2.012636101609328598e-01
1.320000000000000062e+00,5.136777771605486320e-01,4.618888507634528323e-02,1.501722711556002232e-01,-3.141592489110358599e+00,-8.141572006531813677e-02,3.134189776689857432e+00,2.471500449434175812e-03,7.418502540258783019e-04,-5.546275223526364768e-03,-6.871071104461154070e-08,-1.307778263297021664e-03,3.772446546850827254e-02,-1.255193953139057371e-02,-3.767613933474466513e-03,2.816771133748592268e-02,3.489591398600083500e-07,6.641776530983569890e-03,-1.915901773447137302e-01
1.330000000000000071e+00,5.137012973273477057e-01,4.619594493414081599e-02,1.501194897294829134e-01,-3.141592489764247986e+00,-8.142816560741623910e-02,3.134548783592092658e+00,2.352016679903921534e-03,7.059857795531870959e-04,-5.278142611731467121e-03,-6.538891729740760854e-08,-1.244554209809910477e-03,3.590069022350560191e-02,-1.194837695302543301e-02,-3.586447447269123200e-03,2.681326117948973353e-02,3.321793747203936928e-07,6.322405348711113496e-03,-1.823775245002670631e-01
1.340000000000000080e+00,5.137236801355118399e-01,4.620266340021519924e-02,1.500692606411645758e-01,-3.141592490386517333e+00,-8.144000932364750533e-02,3.134890430090222058e+00,2.238280816409060625e-03,6.718466074382023088e-04,-5.022908831833858279e-03,-6.222692222677560181e-08,-1.184371623126616964e-03,3.416464981294262820e-02,-1.137358634948607006e-02,-3.413917211498481308e-03,2.552337798976092587e-02,3.161995070632003550e-07,6.018258668329346146e-03,-1.736040410562972036e-01
1.350000000000000089e+00,5.137449803220259792e-01,4.620905690452547371e-02,1.500214610557965844e-01,-3.141592490978688534e+00,-8.145128017772876317e-02,3.135215551678125934e+00,2.130018651411942632e-03,6.393504310272846202e-04,-4.779958536799099045e-03,-5.921710257623769148e-08,-1.127085408125896903e-03,3.251215879036822853e-02,-1.082621649971179933e-02,-3.249617641091767564e-03,2.429502950347588175e-02,3.009819650537910062e-07,5.728621500072013893e-03,-1.652491022574397173e-01
1.360000000000000098e+00,5.137652500107428022e-01,4.621514109266593867e-02,1.499759740026404831e-01,-3.141592491542210652e+00,-8.146200575065501437e-02,3.135524943963379219e+00,2.026968871682378708e-03,6.084188140465307060e-04,-4.548705315609313099e-03,-5.635219350664054749e-08,-1.072557292624775347e-03,3.093922852534067985e-02,-1.030497797295639242e-02,-3.093161698075392717e-03,2.312532211897855294e-02,2.864909069597146641e-07,5.452811550112147791e-03,-1.572930265027548680e-01
1.370000000000000107e+00,5.137845388354154164e-01,4.622093086279789598e-02,1.499326880989712008e-01,-3.141592492078463472e+00,-8.147221230580138640e-02,3.135819364545199495e+00,1.928882467264001182e-03,5.789770131960018506e-04,-4.328590366929148739e-03,-5.362527224345479148e-08,-1.020655514636977217e-03,2.944205818201451122e-02,-9.808640441837742155e-03,-2.944180085052881639e-03,2.201149486801643601e-02,2.726921263185756805e-07,5.190177798779815541e-03,-1.497170343326169606e-01
1.380000000000000115e+00,5.138028940570780190e-01,4.622644040088283446e-02,1.498914972866640660e-01,-3.141592492588761054e+00,-8.148192485103432359e-02,3.136099534806117806e+00,1.835522166260180991e-03,5.509538084939932931e-04,-4.119081230713191738e-03,-5.102974238038323802e-08,-9.712545232936021979e-04,2.801702609183056789e-02,-9.336030100382013835e-03,-2.802320470200853151e-03,2.095091362159572090e-02,2.595529863071555313e-07,4.940099134337496735e-03,-1.425032090183943889e-01
1.390000000000000124e+00,5.138203606760222142e-01,4.623168321429348832e-02,1.498523005809093978e-01,-3.141592493074354397e+00,-8.149116719796319075e-02,3.136366141621165227e+00,1.746661894419884124e-03,5.242813410653067788e-04,-3.919670575466754209e-03,-4.855931875723930253e-08,-9.242346928865329946e-04,2.666068150474840137e-02,-8.886027184029676382e-03,-2.667246742868655332e-03,1.994106552464371129e-02,2.470423623143934431e-07,4.701983040706917728e-03,-1.356344587082166098e-01
1.400000000000000133e+00,5.138369815386075734e-01,4.623667216387425394e-02,1.498150018305199893e-01,-3.141592493536434549e+00,-8.149996201845829957e-02,3.136619838988204290e+00,1.662086258534548272e-03,4.988949580766693752e-04,-3.729875038940704511e-03,-4.620801318725654497e-08,-8.794820495112587065e-04,2.536973670392360727e-02,-8.457563588533591192e-03,-2.538638298863740358e-03,1.897955365260496977e-02,2.351305569982755177e-07,4.475264337527425779e-03,-1.290944800824794236e-01
1.409999999999999920e+00,5.138527974391344788e-01,4.624141949451957001e-02,1.497795094893188961e-01,-3.141592493976135714e+00,-8.150833089855631652e-02,3.136861249582896249e+00,1.581590052687473430e-03,4.747330645316250757e-04,-3.549234120109548245e-03,-4.397012075417807333e-08,-8.368880098019918336e-04,2.414105946920227716e-02,-8.049620584707487675e-03,-2.416189354504430162e-03,1.806409188311561623e-02,2.237892433078468465e-07,4.259403970926685552e-03,-1.228677234721328865e-01
1.419999999999999929e+00,5.138678472169987410e-01,4.624593686433603468e-02,1.497457363981153922e-01,-3.141592494394537916e+00,-8.151629438986900122e-02,3.137090966241649070e+00,1.504977786427960521e-03,4.517369816463847297e-04,-3.377309120350609466e-03,-4.184020660790334592e-08,-7.963491312680954755e-04,2.297166587526956738e-02,-7.661226625951293549e-03,-2.299608288524035253e-03,1.719249997589386569e-02,2.129914146274727404e-07,4.053887853389637544e-03,-1.169393593932709363e-01
1.429999999999999938e+00,5.138821678493384892e-01,4.625023537245140370e-02,1.497135995767972794e-01,-3.141592494792668777e+00,-8.152387205860657515e-02,3.137309553375756455e+00,1.432063233972659302e-03,4.298508115372429096e-04,-3.213682131810169373e-03,-3.981309336984502544e-08,-7.577668737569187010e-04,2.185871341075312779e-02,-7.291455245530124515e-03,-2.188617010914182225e-03,1.636269885404400409e-02,2.027113238058322074e-07,3.858225751117678754e-03,-1.112952464516441253e-01
1.439999999999999947e+00,5.138957945393741733e-01,4.625432558553099760e-02,1.496830200260871879e-01,-3.141592495171507071e+00,-8.153108253232241309e-02,3.137517548319806782e+00,1.362669003566556502e-03,4.090213079591777708e-04,-3.057955071009896535e-03,-3.788384941872685151e-08,-7.210473715840242347e-04,2.079949440504054448e-02,-6.939423040610274811e-03,-2.082950357806511929e-03,1.557270608002728381e-02,1.929243951118176311e-07,3.671950217289450535e-03,-1.059219005712583317e-01
1.449999999999999956e+00,5.139087608006358554e-01,4.625821756305943666e-02,1.496539225385290495e-01,-3.141592495531984941e+00,-8.153794354448128112e-02,3.137715462617307161e+00,1.296626126166027437e-03,3.891977528441544019e-04,-2.909748755813528279e-03,-3.604777725287798524e-08,-6.861012158874922866e-04,1.979142975002237681e-02,-6.604287740052898655e-03,-1.982355511502334293e-03,1.482063151963682046e-02,1.836072165848863089e-07,3.494615569653189598e-03,-1.008064655018169331e-01
1.459999999999999964e+00,5.139210985372621998e-01,4.626192088144340242e-02,1.496262355182896575e-01,-3.141592495874988789e+00,-8.154447197694907057e-02,3.137903783246351441e+00,1.233773662635219990e-03,3.703318383964625000e-04,-2.768702023939308490e-03,-3.430040243987885245e-08,-6.528432467784690352e-04,1.883206290442039285e-02,-6.285246353080742136e-03,-1.886591444769192792e-03,1.410467318742199966e-02,1.747374812999134383e-07,3.325796910902322542e-03,-9.593668456019839585e-02
1.469999999999999973e+00,5.139328381205489071e-01,4.626544465698851499e-02,1.495998908093769675e-01,-3.141592496201363272e+00,-8.155068390049782789e-02,3.138082973788039354e+00,1.173958328676097743e-03,3.523775545109954612e-04,-2.634470891268353258e-03,-3.263746360055650584e-08,-6.211923548753434240e-04,1.791905416879823604e-02,-5.981533395912227297e-03,-1.795428388546706482e-03,1.342311326709550237e-02,1.662938839322348987e-07,3.165089190312557216e-03,-9.130087356221580630e-02
1.479999999999999982e+00,5.139440084619163462e-01,4.626879756780140351e-02,1.495748235318943575e-01,-3.141592496511912191e+00,-8.155659461341606409e-02,3.138253475540237147e+00,1.117034136740495702e-03,3.352910812889021899e-04,-2.506727748262247996e-03,-3.105490208372948908e-08,-5.910712918238752653e-04,1.705017521978200584e-02,-5.692419193560204101e-03,-1.708647322209328433e-03,1.277431430061051580e-02,1.582561516827019145e-07,3.012106305146819776e-03,-8.688789490162293627e-02
1.489999999999999991e+00,5.139546370824583654e-01,4.627198787466573621e-02,1.495509719259656978e-01,-3.141592496807400714e+00,-8.156221867831026096e-02,3.138415708579161745e+00,1.062862054200188096e-03,3.190306864332859583e-04,-2.385160592865261543e-03,-2.954885258466487357e-08,-5.624064894201545725e-04,1.622330389244054302e-02,-5.417208254030768388e-03,-1.626039485561620555e-03,1.215671553969865058e-02,1.506049499064614584e-07,2.866480240372069280e-03,-8.268713273414636522e-02
1.500000000000000000e+00,5.139647501792291573e-01,4.627502344093889497e-02,1.495282772029824236e-01,-3.141592497088557145e+00,-8.156756995717993897e-02,3.138570072771163399e+00,1.011309677078192724e-03,3.035566273157418518e-04,-2.269472298327015677e-03,-2.811563406886644303e-08,-5.351278869676033556e-04,1.543641920018684090e-02,-5.155237712199547614e-03,-1.547405911754413249e-03,1.156882945382459171e-02,1.433218515798430016e-07,2.727860245255125590e-03,-7.868846922537016397e-02
1.510000000000000009e+00,5.139743726884158370e-01,4.627791175151402259e-02,1.495066834038380199e-01,-3.141592497356074709e+00,-8.157266164484507087e-02,3.138716948736983259e+00,9.622509186703561476e-04,2.888310575124380898e-04,-2.159379914440709251e-03,-2.675174113649994551e-08,-5.091687665131530271e-04,1.468759658196420494e-02,-4.905875840783662824e-03,-1.472556980330376204e-03,1.100923838863066342e-02,1.363892932366498835e-07,2.595912045445032852e-03,-7.488226182226352667e-02
1.520000000000000018e+00,5.139835283455399528e-01,4.628065993089018615e-02,1.494861372638305319e-01,-3.141592497610612877e+00,-8.157750630080128074e-02,3.138856698770652098e+00,9.155657124124522931e-04,2.748179376161380590e-04,-2.054614000749408094e-03,-2.545383577237580524e-08,-4.844655956213168120e-04,1.397500336687101594e-02,-4.668520625790382843e-03,-1.401311989630001781e-03,1.047659136913010533e-02,1.297905364124138950e-07,2.470317089183618909e-03,-7.125932150931883757e-02
1.530000000000000027e+00,5.139922397428237089e-01,4.628327476039156840e-02,1.494665880839272376e-01,-3.141592497852800481e+00,-8.158211587957486799e-02,3.138989667715119669e+00,8.711397283726787354e-04,2.614829501380616541e-04,-1.954917990329094798e-03,-2.421873960676696910e-08,-4.609578773580656590e-04,1.329689444676258533e-02,-4.442598403977358369e-03,-1.333498747807640482e-03,9.969601042031340024e-03,1.235096165608836536e-07,2.350771826325114000e-03,-6.781089201084301854e-02
1.540000000000000036e+00,5.140005283838514627e-01,4.628576269457477382e-02,1.494479876080991310e-01,-3.141592498083234819e+00,-8.158650175964655971e-02,3.139116183796597070e+00,8.288641027739096197e-04,2.487934183207673772e-04,-1.860047582811596165e-03,-2.304342592931806194e-08,-4.385880071692883930e-04,1.265160814773506372e-02,-4.227562559876908536e-03,-1.268953181729429646e-03,9.487040751749857212e-03,1.175313677448907959e-07,2.236987018877726816e-03,-6.452862990275211319e-02
1.550000000000000044e+00,5.140084147356511757e-01,4.628812987686167779e-02,1.494302899064454959e-01,-3.141592498302484771e+00,-8.159067477101007715e-02,3.139236559419514627e+00,7.886351799735203403e-04,2.367182286903202540e-04,-1.769770165363430785e-03,-2.192501304816061284e-08,-4.173011363511037151e-04,1.203756229175887218e-02,-4.022892280038929680e-03,-1.207518963044713076e-03,9.027741744816540626e-03,1.118412881157450285e-07,2.128687081818468434e-03,-6.140458559761909074e-02
1.560000000000000053e+00,5.140159182783147207e-01,4.629038215443350562e-02,1.494134512638416179e-01,-3.141592498511092124e+00,-8.159464522142828580e-02,3.139351091923915593e+00,7.503542663514167852e-04,2.252277571828571485e-04,-1.683864260387834752e-03,-2.086075726483243715e-08,-3.970450418213181142e-04,1.145325044007753507e-02,-3.828091362210351602e-03,-1.149047150746310229e-03,8.590590497559592864e-03,1.064255783328177282e-07,2.025609452978560307e-03,-5.843118516813375352e-02
1.570000000000000062e+00,5.140230575522705125e-01,4.629252509242037794e-02,1.493974300738539485e-01,-3.141592498709572467e+00,-8.159842292144742215e-02,3.139460064307018961e+00,7.139273955791289664e-04,2.142937986873316876e-04,-1.602118998767048481e-03,-1.984804620691505286e-08,-3.777700019131429669e-04,1.089723831032473819e-02,-3.642687077228784487e-03,-1.093395849552545977e-03,8.174526162078626229e-03,1.012711057917385085e-07,1.927503990817515389e-03,-5.560121297527977069e-02
1.580000000000000071e+00,5.140298502033181505e-01,4.629456398741890744e-02,1.493821867376788626e-01,-3.141592498898416519e+00,-8.160201720822665705e-02,3.139563745910615378e+00,6.792651047643959118e-04,2.038894998526249070e-04,-1.524333617509927201e-03,-1.888439264714672897e-08,-3.594286779235145949e-04,1.036816035964128677e-02,-3.466229081473305457e-03,-1.040429883470677741e-03,7.778538125712135785e-03,9.636535597683242861e-08,1.834132398962839798e-03,-5.290779506834510093e-02
1.590000000000000080e+00,5.140363130255279911e-01,4.629650388036904429e-02,1.493676835678716952e-01,-3.141592499078091016e+00,-8.160543696823825688e-02,3.139662393075879354e+00,6.462822209860209083e-04,1.939892950134559002e-04,-1.450316980716552994e-03,-1.796742857472935335e-08,-3.419760011594511363e-04,9.864716526388416298e-03,-3.298288377837499050e-03,-9.900204839169014347e-04,7.401663679337412878e-03,9.169640724173740299e-08,1.745267676406348466e-03,-5.034438332528700516e-02
1.600000000000000089e+00,5.140424620021055713e-01,4.629834956882000058e-02,1.493538846966435407e-01,-3.141592499249040049e+00,-8.160869065889062024e-02,3.139756249767112983e+00,6.148976577542238000e-04,1.845688450955358130e-04,-1.379887122816425863e-03,-1.709489966077725728e-08,-3.253690652363644279e-04,9.385669123360914495e-03,-3.138456323179710829e-03,-9.420449917920096930e-04,7.042985790012710502e-03,8.725289139520952805e-08,1.660693592308673441e-03,-4.790474030275020112e-02
1.610000000000000098e+00,5.140483123443150282e-01,4.630010561861366142e-02,1.493407559885127356e-01,-3.141592499411686834e+00,-8.161178632912455266e-02,3.139845548165869804e+00,5.850342209507840459e-04,1.756049793662009246e-04,-1.312870813080316886e-03,-1.626465989516787838e-08,-3.095670233925841065e-04,8.929839875698713375e-03,-2.986343680343972809e-03,-8.963865729334885134e-04,6.701630973610905526e-03,8.302397656093773096e-08,1.580204184378033441e-03,-4.558292476622007039e-02
1.620000000000000107e+00,5.140538785285532208e-01,4.630177637501268345e-02,1.493282649571082699e-01,-3.141592499566433716e+00,-8.161473163903049111e-02,3.139930509236839473e+00,5.566184238222052390e-04,1.670756399023841279e-04,-1.249103140447625640e-03,-1.547466619989671896e-08,-2.945309905941464654e-04,8.496107096979904280e-03,-2.841579712857885895e-03,-8.529339463816790244e-04,6.376767263269119378e-03,7.899936952711602126e-08,1.503603279843764755e-03,-4.337327787188086786e-02
1.630000000000000115e+00,5.140591743316593742e-01,4.630336597329921811e-02,1.493163806859307552e-01,-3.141592499713663500e+00,-8.161753387853262764e-02,3.140011343266812194e+00,5.295803106166547744e-04,1.589598286531764524e-04,-1.188427117751651458e-03,-1.472297371576291301e-08,-2.802239502135063119e-04,8.083402997253420416e-03,-2.703811320555051662e-03,-8.115811249207672195e-04,6.067602269597420842e-03,7.516924841338054910e-08,1.430704038064014704e-03,-4.127040997264844885e-02
1.640000000000000124e+00,5.140642128645440678e-01,4.630487834886901077e-02,1.493050737528861249e-01,-3.141592499853740783e+00,-8.162019998518338371e-02,3.140088250377982337e+00,5.038532884734568890e-04,1.512375569794421437e-04,-1.130693304463957407e-03,-1.400773115780207831e-08,-2.666106650749240853e-04,7.690711117034652183e-03,-2.572702214319788541e-03,-7.722271673734312000e-04,5.773381328769410306e-03,7.152425579608341022e-08,1.361328513858221356e-03,-3.926918802187680246e-02
1.650000000000000133e+00,5.140690066042159501e-01,4.630631724684459299e-02,1.492943161584149581e-01,-3.141592499987012399e+00,-8.162273656111006248e-02,3.140161421016797849e+00,4.793739671900753229e-04,1.438897975579743525e-04,-1.075759447116666307e-03,-1.332717623087300171e-08,-2.536575926682130776e-04,7.317063881542393289e-03,-2.447932128338158129e-03,-7.347759421467784649e-04,5.493385734729104748e-03,6.805549269290758087e-08,1.295307240671102070e-03,-3.736472354922593109e-02
1.660000000000000142e+00,5.140735674242810083e-01,4.630768623123001498e-02,1.492840812570489784e-01,-3.141592500113808750e+00,-8.162514988915346714e-02,3.140231036419494970e+00,4.560820065077874339e-04,1.368984385424782269e-04,-1.023490136597487174e-03,-1.267963144482364851e-08,-2.413328043409820292e-04,6.961540269699357034e-03,-2.329196068228788028e-03,-6.991359015496115834e-04,5.226931051917921116e-03,6.475447860493527292e-08,1.232478832723104189e-03,-3.555236118430362552e-02
1.669999999999999929e+00,5.140779066239867801e-01,4.630898869362879561e-02,1.492743436922334965e-01,-3.141592500234443808e+00,-8.162744594823634348e-02,3.140297269055421392e+00,4.339199705728721845e-04,1.302462398783636591e-04,-9.737564815471195546e-04,-1.206349993234437571e-08,-2.296059082876999297e-04,6.623263592658137737e-03,-2.216203593491525813e-03,-6.652198664114564565e-04,4.973365505036764569e-03,6.161315124792734011e-08,1.172689605328210713e-03,-3.382766770412195395e-02
1.679999999999999938e+00,5.140820349558792302e-01,4.631022786154552484e-02,1.492650793342622795e-01,-3.141592500349216444e+00,-8.162963042799796509e-02,3.140360283049189682e+00,4.128331892447542357e-04,1.239167916727397446e-04,-9.264357971220003266e-04,-1.147726178958949181e-08,-2.184479761618295145e-04,6.301399376838312354e-03,-2.108678132811795530e-03,-6.329448205623924243e-04,4.732068442511928007e-03,5.862381427548838992e-08,1.115793212587041193e-03,-3.218642158198257303e-02
1.689999999999999947e+00,5.140859626521385728e-01,4.631140680629077661e-02,1.492562652211781027e-01,-3.141592500458411319e+00,-8.163170874272941691e-02,3.140420234582656622e+00,3.927696259371627309e-04,1.178944745253464592e-04,-8.814113084175143140e-04,-1.091947035380408643e-08,-2.078314731448094744e-04,5.995153346680226654e-03,-2.006356330759153078e-03,-6.022317147393291921e-04,4.502448870448603861e-03,5.577914357854059780e-08,1.061650301702005313e-03,-3.062460301580860120e-02
1.699999999999999956e+00,5.140896994496554351e-01,4.631252845050808087e-02,1.492478795024993199e-01,-3.141592500562298884e+00,-8.163368604464255052e-02,3.140477272277681919e+00,3.736797516917144324e-04,1.121644217302633607e-04,-8.385718678775824948e-04,-1.038874859930279975e-08,-1.977301913129435611e-04,5.703769502531377648e-03,-1.908987424544831158e-03,-5.730052795083101806e-04,4.283944053993184523e-03,5.307217545012860760e-08,1.010128183186591224e-03,-2.913838441488486933e-02
1.709999999999999964e+00,5.140932546139074244e-01,4.631359557534070470e-02,1.492399013856388623e-01,-3.141592500661136711e+00,-8.163556723650405855e-02,3.140531537560574904e+00,3.555164251969228123e-04,1.067124832621811718e-04,-7.978116860462426511e-04,-9.883785983951259112e-09,-1.881191861502430802e-04,5.426528289281878741e-03,-1.816332649479160703e-03,-5.451938468082192721e-04,4.076018183133989572e-03,5.049626153515410398e-08,9.611005162700490606e-04,-2.772412132494992201e-02
1.719999999999999973e+00,5.140966369616921661e-01,4.631461082725535361e-02,1.492323110848884082e-01,-3.141592500755169937e+00,-8.163735698366467175e-02,3.140583165009090294e+00,3.382347784780468107e-04,1.015251914648655697e-04,-7.590300750452039398e-04,-9.403335169420278438e-09,-1.789747160619785762e-04,5.162744851558495086e-03,-1.728164671887598208e-03,-5.187291797315603638e-04,3.878161100103865930e-03,4.804508145309810712e-08,9.144470088264507277e-04,-2.637834377233839664e-02
1.729999999999999982e+00,5.140998548827721004e-01,4.631557672453898156e-02,1.492250897728465142e-01,-3.141592500844632152e+00,-8.163905972551217805e-02,3.140632282682805254e+00,3.217921079956155951e-04,9.658972836305469039e-05,-7.221312041886490500e-04,-8.946208977935946423e-09,-1.702741847501326082e-04,4.911767371474209942e-03,-1.644267048243119606e-03,-4.935463101810882601e-04,3.689887085655494184e-03,4.571261914843318159e-08,8.700531311845974454e-04,-2.509774800842852482e-02
1.739999999999999991e+00,5.141029163604811103e-01,4.631649566348420427e-02,1.492182195341747730e-01,-3.141592500929744958e+00,-8.164067968637535311e-02,3.140679012437656237e+00,3.061477709016389602e-04,9.189389452255300385e-05,-6.870238671727985601e-04,-8.511277382491254914e-09,-1.619960863180852466e-04,4.672975485105554036e-03,-1.564433709397664799e-03,-4.695833840501689792e-04,3.510733701585043789e-03,4.349315954446907155e-08,8.278098432047374666e-04,-2.387918863686559062e-02
1.750000000000000000e+00,5.141058289913432722e-01,4.631736992427806787e-02,1.492116833215717531e-01,-3.141592501010719740e+00,-8.164222088590512849e-02,3.140723470225396774e+00,2.912630862143273909e-04,8.742607938663639713e-05,-6.536212603027804786e-04,-8.097465046753621978e-09,-1.541199529778660327e-04,4.445778774044314811e-03,-1.488468468731155622e-03,-4.467815135916601847e-04,3.340260687001802946e-03,4.138123357376329354e-08,7.876133340219213918e-04,-2.271967110612390164e-02
1.760000000000000009e+00,5.141086000037501380e-01,4.631820167660826576e-02,1.492054649138593314e-01,-3.141592501087757228e+00,-8.164368714895751944e-02,3.140765766378681878e+00,2.771012406823978149e-04,8.317523302010640027e-05,-6.218407712434600694e-04,-7.703748478594579036e-09,-1.466263052388557182e-04,4.229615328529583683e-03,-1.416184553192958908e-03,-4.250846366529995230e-04,3.178048905932043516e-03,3.937165681590423462e-08,7.493647739010321019e-04,-2.161634455147314407e-02
1.770000000000000018e+00,5.141112362757412901e-01,4.631899298500021661e-02,1.491995488760813060e-01,-3.141592501161048823e+00,-8.164508211500214052e-02,3.140806005882470053e+00,2.636271991205274686e-04,7.913083919540910981e-05,-5.916037778038899875e-04,-7.329153712900604617e-09,-1.394966044623814822e-04,4.023950378827199741e-03,-1.347404156187035924e-03,-4.044393824697295340e-04,3.023699343957009494e-03,3.745947656939744194e-08,7.129700776474245678e-04,-2.056649497023838383e-02
1.780000000000000027e+00,5.141137443519313566e-01,4.631974581389779883e-02,1.491939205215184472e-01,-3.141592501230776158e+00,-8.164640924707886049e-02,3.140844288632386849e+00,2.508076190073470885e-04,7.528288975819317770e-05,-5.628354562872249370e-04,-6.972753763615550764e-09,-1.327132076717864122e-04,3.828274991670357810e-03,-1.281958011318036711e-03,-3.847949437215935362e-04,2.876832151666501147e-03,3.563999492850536542e-08,6.783396790595076515e-04,-1.956753871568418096e-02
1.790000000000000036e+00,5.141161304596227888e-01,4.632046203249992611e-02,1.491885658755288668e-01,-3.141592501297112872e+00,-8.164767184032398206e-02,3.140880709680673899e+00,2.386107691465695624e-04,7.162186021251117801e-05,-5.354645989590262924e-04,-6.633666567750121806e-09,-1.262593245125469732e-04,3.642104828721872984e-03,-1.219684986077751963e-03,-3.661029545681996440e-04,2.737085732819860562e-03,3.390871958654289578e-08,6.453883159239432506e-04,-1.861701629484849990e-02
1.800000000000000044e+00,5.141184005241448141e-01,4.632114341936461460e-02,1.491834716411268025e-01,-3.141592501360223277e+00,-8.164887303008659669e-02,3.140915359470315416e+00,2.270064522014235246e-04,6.813868646858346507e-05,-5.094234402071727476e-04,-6.311052492500772717e-09,-1.201189762618368650e-04,3.464978964154819853e-03,-1.160431694514603776e-03,-3.483173743927716194e-04,2.604115875185359676e-03,3.226140752493491225e-08,6.140348250710114678e-04,-1.771258645670531831e-02
1.810000000000000053e+00,5.141205601834539785e-01,4.632179166679160215e-02,1.491786251662169382e-01,-3.141592501420264583e+00,-8.165001579965451561e-02,3.140948324057901253e+00,2.159659309205046195e-04,6.482474269862776499e-05,-4.846474909859944252e-04,-6.004112674395790353e-09,-1.142769567914441706e-04,3.296458758579931016e-03,-1.104052128091890508e-03,-3.313943769955695197e-04,2.477594922117829640e-03,3.069398181049820667e-08,5.842019470392690672e-04,-1.685202055748889413e-02
1.820000000000000062e+00,5.141226148020328068e-01,4.632240838499408764e-02,1.491740144124053813e-01,-3.141592501477385557e+00,-8.165110298760844265e-02,3.140979685325767878e+00,2.054618578820582419e-04,6.167182024874952361e-05,-4.610753811557977058e-04,-5.712086698686377271e-09,-1.087187953923822323e-04,3.136126786676185496e-03,-1.050407303844638415e-03,-3.152922449878243008e-04,2.357210983019671947e-03,2.920259757094132800e-08,5.558161399061932852e-04,-1.603319719037456237e-02
1.830000000000000071e+00,5.141245694841186653e-01,4.632299510606965876e-02,1.491696279253119095e-01,-3.141592501531727866e+00,-8.165213729482218019e-02,3.141009521183927955e+00,1.954682085910628179e-04,5.867210755726016660e-05,-4.386487093467361133e-04,-5.434251089230889143e-09,-1.034307213737002939e-04,2.983585816000007551e-03,-9.993649290995425087e-04,-2.999712691489356741e-04,2.242667180906156646e-03,2.778356094554883261e-08,5.288074018681940573e-04,-1.525409706761779449e-02
1.840000000000000080e+00,5.141264290862963549e-01,4.632355328777997688e-02,1.491654548063119923e-01,-3.141592501583426955e+00,-8.165312129112570205e-02,3.141037905762273486e+00,1.859602177716533460e-04,5.581817103206201410e-05,-4.173118999929198328e-04,-5.169917466726503832e-09,-9.839963035198736794e-05,2.838457834564571923e-03,-9.507990819409462176e-04,-2.853936525198155208e-04,2.133680935381627834e-03,2.643336225043853115e-08,5.031091021712924332e-04,-1.451279814354356282e-02
1.850000000000000089e+00,5.141281982294834130e-01,4.632408431714839930e-02,1.491614846856400001e-01,-3.141592501632611167e+00,-8.165405742164721925e-02,3.141064909593522358e+00,1.769143187040100895e-04,5.310293684192060999e-05,-3.970120671989879374e-04,-4.918430590217234880e-09,-9.361305215192532896e-05,2.700383124892342772e-03,-9.045899067643256488e-04,-2.715234190141405188e-04,2.029983279393191703e-03,2.514868765092687533e-08,4.786578200062035723e-04,-1.380747096722290471e-02
1.860000000000000098e+00,5.141298813103379883e-01,4.632458951388418456e-02,1.491577076967888216e-01,-3.141592501679402627e+00,-8.165494801284964299e-02,3.141090599787345727e+00,1.683080854623776688e-04,5.051967357850687025e-05,-3.776988851168005330e-04,-4.679166990358139133e-09,-8.905912024190339117e-05,2.569019382347551266e-03,-8.606233241632427200e-04,-2.583263263413737034e-04,1.931318208218738485e-03,2.392635998590960452e-08,4.553931910021936165e-04,-1.313637425447914016e-02
1.870000000000000107e+00,5.141314825121171550e-01,4.632507013364166315e-02,1.491541144521435769e-01,-3.141592501723918129e+00,-8.165579527827596107e-02,3.141115040196102104e+00,1.601201779171307945e-04,4.806197574810373407e-05,-3.593244645248949536e-04,-4.451533426576800312e-09,-8.472654263218742194e-05,2.444040875658605276e-03,-8.187907545246874254e-04,-2.457697830403133741e-04,1.837442059190555997e-03,2.276335637813387213e-08,4.332577609715967601e-04,-1.249785066889459381e-02
1.880000000000000115e+00,5.141330058150108684e-01,4.632552737112220070e-02,1.491506960197903908e-01,-3.141592501766267809e+00,-8.165660132401762750e-02,3.141138291572578289e+00,1.523302893700527948e-04,4.572374805373591447e-05,-3.418432353174288862e-04,-4.234965190144937123e-09,-8.060457416653044461e-05,2.325137647635317894e-03,-7.789888547077996423e-04,-2.338227694367817978e-04,1.748122920746606737e-03,2.165682364318628913e-08,4.121968465656970825e-04,-1.189032280232872781e-02
1.890000000000000124e+00,5.141344550059778751e-01,4.632596236302650300e-02,1.491474439014441600e-01,-3.141592501806556914e+00,-8.165736815391903825e-02,3.141160411720119949e+00,1.449190966985027472e-04,4.349919043032908966e-05,-3.252118346229327783e-04,-4.028925139783099517e-09,-7.668299014124214442e-05,2.212014754178931539e-03,-7.411192671550037841e-04,-2.224557623406822366e-04,1.663140069449611444e-03,2.060400503618376058e-08,3.921584025288296941e-04,-1.131228934563863024e-02
1.900000000000000133e+00,5.141358336881067803e-01,4.632637619086447250e-02,1.491443500114413012e-01,-3.141592501844885810e+00,-8.165809767453093004e-02,3.141181455635517761e+00,1.378682128894094723e-04,4.138278379723003890e-05,-3.093890002862522250e-04,-3.832902163925386812e-09,-7.295206118887631499e-05,2.104391539771132465e-03,-7.050883809093268489e-04,-2.116406633099053201e-04,1.582283433668052724e-03,1.960229758577123086e-08,3.730928952365832681e-04,-1.076232144077989179e-02
1.910000000000000142e+00,5.141371452895252547e-01,4.632676988362941645e-02,1.491414066567467167e-01,-3.141592501881349975e+00,-8.165879169982459551e-02,3.141201475644995078e+00,1.311601418498492609e-04,3.936927649406152827e-05,-2.943354694592900797e-04,-3.646409835201080384e-09,-6.940252936653598214e-05,2.002000947712038494e-03,-6.708071039560217861e-04,-2.013507303168509820e-04,1.505353082696215834e-03,1.864923287243064282e-08,3.549531822340337727e-04,-1.023905920590941279e-02
1.919999999999999929e+00,5.141383930718791406e-01,4.632714442034309432e-02,1.491386065179261255e-01,-3.141592501916040003e+00,-8.165945195567851644e-02,3.141220521533629739e+00,1.247782353861424931e-04,3.745367136748285644e-05,-2.800138820581261011e-04,-3.468985233106066592e-09,-6.602558539165011753e-05,1.904588863458254143e-03,-6.381906463706761264e-04,-1.915605126578673453e-04,1.432158740116396553e-03,1.774246020950136919e-08,3.376943974885869494e-04,-9.741208425378445473e-03
1.929999999999999938e+00,5.141395801384016639e-01,4.632750073247787065e-02,1.491359426310375769e-01,-3.141592501949042049e+00,-8.166008008414822605e-02,3.141238640668524429e+00,1.187066522484123967e-04,3.563121347794609341e-05,-2.663886888553142055e-04,-3.300187913840336903e-09,-6.281284697068711498e-05,1.811913489488278101e-03,-6.071583137730093144e-04,-1.822457889536759773e-04,1.362519320281188910e-03,1.687973192657298049e-08,3.212738420963000925e-04,-9.267537396997593824e-03
1.939999999999999947e+00,5.141407094415930690e-01,4.632783970626184328e-02,1.491334083703977076e-01,-3.141592501980437824e+00,-8.166067764752991953e-02,3.141255878116026246e+00,1.129303191425378952e-04,3.389737839695442661e-05,-2.534260639870144810e-04,-3.139598835443449123e-09,-5.975633816886416960e-05,1.723744750196311033e-03,-5.776333105874502123e-04,-1.733835080991666801e-04,1.296262486829973101e-03,1.605890783968876318e-08,3.056508801822942125e-04,-8.816873929196706802e-03
1.949999999999999956e+00,5.141417837905292165e-01,4.632816218487251225e-02,1.491309974321810561e-01,-3.141592502010305932e+00,-8.166124613222763839e-02,3.141272276753280135e+00,1.074348936157551118e-04,3.224786106672241156e-05,-2.410938216648032849e-04,-2.986819417288059133e-09,-5.684846977129508102e-05,1.639863725385442769e-03,-5.495425526782777952e-04,-1.649517330232016675e-04,1.233224232221120367e-03,1.527794181553898902e-08,2.907868397569088846e-04,-8.388102481086831541e-03
1.959999999999999964e+00,5.141428058578164650e-01,4.632846897052446400e-02,1.491287038188121306e-01,-3.141592502038720536e+00,-8.166178695243352104e-02,3.141287877374390192e+00,1.022067287266375493e-04,3.067856519547682590e-05,-2.293613368919889981e-04,-2.841470196719715784e-09,-5.408202058837569855e-05,1.560062110998632458e-03,-5.228164889117567320e-04,-1.569295871245583230e-04,1.173248477281429655e-03,1.453492205683433489e-08,2.766449182919383559e-04,-7.980161438681031977e-03
1.969999999999999973e+00,5.141437781862105982e-01,4.632876082645609461e-02,1.491265218241122070e-01,-3.141592502065752246e+00,-8.166230145363012616e-02,3.141302718791448179e+00,9.723283941457823150e-05,2.918559316284329171e-05,-2.181994699935399388e-04,-2.703190174033725352e-09,-5.145011966039833367e-05,1.484141705789057426e-03,-4.973889312059324346e-04,-1.492972032633535810e-04,1.116186689844904639e-03,1.382800226859904328e-08,2.631900927977367318e-04,-7.592040520957495445e-03
1.979999999999999982e+00,5.141447031949154534e-01,4.632903847882020171e-02,1.491244460191644416e-01,-3.141592502091468564e+00,-8.166279091592330841e-02,3.141316837930675288e+00,9.250087048756803977e-05,2.776523641099573920e-05,-2.075804947777394106e-04,-2.571635892385213053e-09,-4.894622931849426292e-05,1.411913922692403268e-03,-4.731968927010188472e-04,-1.420356751847552646e-04,1.061897521580054118e-03,1.315542816485124473e-08,2.503890341904072372e-04,-7.222778309665420921e-03
1.989999999999999991e+00,5.141455831855770153e-01,4.632930261848318410e-02,1.491224712388628804e-01,-3.141592502115933438e+00,-8.166325655721391741e-02,3.141330269923912510e+00,8.799906615110009611e-05,2.641396629839979553e-05,-1.974780301561930899e-04,-2.446480459238078142e-09,-4.656412906105388032e-05,1.343199323722241503e-03,-4.501804336467946912e-04,-1.351270112595942454e-04,1.010246462154632723e-03,1.251554331471349107e-08,2.382100257440380976e-04,-6.871459897016186924e-03
